
AVRASM ver. 2.1.30  C:\Users\Admin\Desktop\Radar_final\Debug\List\radar.asm Wed Jul 15 13:58:39 2026

C:\Users\Admin\Desktop\Radar_final\Debug\List\radar.asm(1088): warning: Register r5 already defined by the .DEF directive
C:\Users\Admin\Desktop\Radar_final\Debug\List\radar.asm(1089): warning: Register r6 already defined by the .DEF directive
C:\Users\Admin\Desktop\Radar_final\Debug\List\radar.asm(1090): warning: Register r7 already defined by the .DEF directive
                 
                 
                 ;CodeVisionAVR C Compiler V3.12 Advanced
                 ;(C) Copyright 1998-2014 Pavel Haiduc, HP InfoTech s.r.l.
                 ;http://www.hpinfotech.com
                 
                 ;Build configuration    : Debug
                 ;Chip type              : ATmega16
                 ;Program type           : Application
                 ;Clock frequency        : 8.000000 MHz
                 ;Memory model           : Small
                 ;Optimize for           : Size
                 ;(s)printf features     : int, width
                 ;(s)scanf features      : int, width
                 ;External RAM size      : 0
                 ;Data Stack size        : 256 byte(s)
                 ;Heap size              : 0 byte(s)
                 ;Promote 'char' to 'int': Yes
                 ;'char' is unsigned     : Yes
                 ;8 bit enums            : Yes
                 ;Global 'const' stored in FLASH: Yes
                 ;Enhanced function parameter passing: Yes
                 ;Enhanced core instructions: On
                 ;Automatic register allocation for global variables: On
                 ;Smart register allocation: On
                 
                 	#define _MODEL_SMALL_
                 
                 	#pragma AVRPART ADMIN PART_NAME ATmega16
                 	#pragma AVRPART MEMORY PROG_FLASH 16384
                 	#pragma AVRPART MEMORY EEPROM 512
                 	#pragma AVRPART MEMORY INT_SRAM SIZE 1024
                 	#pragma AVRPART MEMORY INT_SRAM START_ADDR 0x60
                 
                 	#define CALL_SUPPORTED 1
                 
                 	.LISTMAC
                 	.EQU UDRE=0x5
                 	.EQU RXC=0x7
                 	.EQU USR=0xB
                 	.EQU UDR=0xC
                 	.EQU SPSR=0xE
                 	.EQU SPDR=0xF
                 	.EQU EERE=0x0
                 	.EQU EEWE=0x1
                 	.EQU EEMWE=0x2
                 	.EQU EECR=0x1C
                 	.EQU EEDR=0x1D
                 	.EQU EEARL=0x1E
                 	.EQU EEARH=0x1F
                 	.EQU WDTCR=0x21
                 	.EQU MCUCR=0x35
                 	.EQU GICR=0x3B
                 	.EQU SPL=0x3D
                 	.EQU SPH=0x3E
                 	.EQU SREG=0x3F
                 
                 	.DEF R0X0=R0
                 	.DEF R0X1=R1
                 	.DEF R0X2=R2
                 	.DEF R0X3=R3
                 	.DEF R0X4=R4
                 	.DEF R0X5=R5
                 	.DEF R0X6=R6
                 	.DEF R0X7=R7
                 	.DEF R0X8=R8
                 	.DEF R0X9=R9
                 	.DEF R0XA=R10
                 	.DEF R0XB=R11
                 	.DEF R0XC=R12
                 	.DEF R0XD=R13
                 	.DEF R0XE=R14
                 	.DEF R0XF=R15
                 	.DEF R0X10=R16
                 	.DEF R0X11=R17
                 	.DEF R0X12=R18
                 	.DEF R0X13=R19
                 	.DEF R0X14=R20
                 	.DEF R0X15=R21
                 	.DEF R0X16=R22
                 	.DEF R0X17=R23
                 	.DEF R0X18=R24
                 	.DEF R0X19=R25
                 	.DEF R0X1A=R26
                 	.DEF R0X1B=R27
                 	.DEF R0X1C=R28
                 	.DEF R0X1D=R29
                 	.DEF R0X1E=R30
                 	.DEF R0X1F=R31
                 
                 	.EQU __SRAM_START=0x0060
                 	.EQU __SRAM_END=0x045F
                 	.EQU __DSTACK_SIZE=0x0100
                 	.EQU __HEAP_SIZE=0x0000
                 	.EQU __CLEAR_SRAM_SIZE=__SRAM_END-__SRAM_START+1
                 
                 	.MACRO __CPD1N
                 	CPI  R30,LOW(@0)
                 	LDI  R26,HIGH(@0)
                 	CPC  R31,R26
                 	LDI  R26,BYTE3(@0)
                 	CPC  R22,R26
                 	LDI  R26,BYTE4(@0)
                 	CPC  R23,R26
                 	.ENDM
                 
                 	.MACRO __CPD2N
                 	CPI  R26,LOW(@0)
                 	LDI  R30,HIGH(@0)
                 	CPC  R27,R30
                 	LDI  R30,BYTE3(@0)
                 	CPC  R24,R30
                 	LDI  R30,BYTE4(@0)
                 	CPC  R25,R30
                 	.ENDM
                 
                 	.MACRO __CPWRR
                 	CP   R@0,R@2
                 	CPC  R@1,R@3
                 	.ENDM
                 
                 	.MACRO __CPWRN
                 	CPI  R@0,LOW(@2)
                 	LDI  R30,HIGH(@2)
                 	CPC  R@1,R30
                 	.ENDM
                 
                 	.MACRO __ADDB1MN
                 	SUBI R30,LOW(-@0-(@1))
                 	.ENDM
                 
                 	.MACRO __ADDB2MN
                 	SUBI R26,LOW(-@0-(@1))
                 	.ENDM
                 
                 	.MACRO __ADDW1MN
                 	SUBI R30,LOW(-@0-(@1))
                 	SBCI R31,HIGH(-@0-(@1))
                 	.ENDM
                 
                 	.MACRO __ADDW2MN
                 	SUBI R26,LOW(-@0-(@1))
                 	SBCI R27,HIGH(-@0-(@1))
                 	.ENDM
                 
                 	.MACRO __ADDW1FN
                 	SUBI R30,LOW(-2*@0-(@1))
                 	SBCI R31,HIGH(-2*@0-(@1))
                 	.ENDM
                 
                 	.MACRO __ADDD1FN
                 	SUBI R30,LOW(-2*@0-(@1))
                 	SBCI R31,HIGH(-2*@0-(@1))
                 	SBCI R22,BYTE3(-2*@0-(@1))
                 	.ENDM
                 
                 	.MACRO __ADDD1N
                 	SUBI R30,LOW(-@0)
                 	SBCI R31,HIGH(-@0)
                 	SBCI R22,BYTE3(-@0)
                 	SBCI R23,BYTE4(-@0)
                 	.ENDM
                 
                 	.MACRO __ADDD2N
                 	SUBI R26,LOW(-@0)
                 	SBCI R27,HIGH(-@0)
                 	SBCI R24,BYTE3(-@0)
                 	SBCI R25,BYTE4(-@0)
                 	.ENDM
                 
                 	.MACRO __SUBD1N
                 	SUBI R30,LOW(@0)
                 	SBCI R31,HIGH(@0)
                 	SBCI R22,BYTE3(@0)
                 	SBCI R23,BYTE4(@0)
                 	.ENDM
                 
                 	.MACRO __SUBD2N
                 	SUBI R26,LOW(@0)
                 	SBCI R27,HIGH(@0)
                 	SBCI R24,BYTE3(@0)
                 	SBCI R25,BYTE4(@0)
                 	.ENDM
                 
                 	.MACRO __ANDBMNN
                 	LDS  R30,@0+(@1)
                 	ANDI R30,LOW(@2)
                 	STS  @0+(@1),R30
                 	.ENDM
                 
                 	.MACRO __ANDWMNN
                 	LDS  R30,@0+(@1)
                 	ANDI R30,LOW(@2)
                 	STS  @0+(@1),R30
                 	LDS  R30,@0+(@1)+1
                 	ANDI R30,HIGH(@2)
                 	STS  @0+(@1)+1,R30
                 	.ENDM
                 
                 	.MACRO __ANDD1N
                 	ANDI R30,LOW(@0)
                 	ANDI R31,HIGH(@0)
                 	ANDI R22,BYTE3(@0)
                 	ANDI R23,BYTE4(@0)
                 	.ENDM
                 
                 	.MACRO __ANDD2N
                 	ANDI R26,LOW(@0)
                 	ANDI R27,HIGH(@0)
                 	ANDI R24,BYTE3(@0)
                 	ANDI R25,BYTE4(@0)
                 	.ENDM
                 
                 	.MACRO __ORBMNN
                 	LDS  R30,@0+(@1)
                 	ORI  R30,LOW(@2)
                 	STS  @0+(@1),R30
                 	.ENDM
                 
                 	.MACRO __ORWMNN
                 	LDS  R30,@0+(@1)
                 	ORI  R30,LOW(@2)
                 	STS  @0+(@1),R30
                 	LDS  R30,@0+(@1)+1
                 	ORI  R30,HIGH(@2)
                 	STS  @0+(@1)+1,R30
                 	.ENDM
                 
                 	.MACRO __ORD1N
                 	ORI  R30,LOW(@0)
                 	ORI  R31,HIGH(@0)
                 	ORI  R22,BYTE3(@0)
                 	ORI  R23,BYTE4(@0)
                 	.ENDM
                 
                 	.MACRO __ORD2N
                 	ORI  R26,LOW(@0)
                 	ORI  R27,HIGH(@0)
                 	ORI  R24,BYTE3(@0)
                 	ORI  R25,BYTE4(@0)
                 	.ENDM
                 
                 	.MACRO __DELAY_USB
                 	LDI  R24,LOW(@0)
                 __DELAY_USB_LOOP:
                 	DEC  R24
                 	BRNE __DELAY_USB_LOOP
                 	.ENDM
                 
                 	.MACRO __DELAY_USW
                 	LDI  R24,LOW(@0)
                 	LDI  R25,HIGH(@0)
                 __DELAY_USW_LOOP:
                 	SBIW R24,1
                 	BRNE __DELAY_USW_LOOP
                 	.ENDM
                 
                 	.MACRO __GETD1S
                 	LDD  R30,Y+@0
                 	LDD  R31,Y+@0+1
                 	LDD  R22,Y+@0+2
                 	LDD  R23,Y+@0+3
                 	.ENDM
                 
                 	.MACRO __GETD2S
                 	LDD  R26,Y+@0
                 	LDD  R27,Y+@0+1
                 	LDD  R24,Y+@0+2
                 	LDD  R25,Y+@0+3
                 	.ENDM
                 
                 	.MACRO __PUTD1S
                 	STD  Y+@0,R30
                 	STD  Y+@0+1,R31
                 	STD  Y+@0+2,R22
                 	STD  Y+@0+3,R23
                 	.ENDM
                 
                 	.MACRO __PUTD2S
                 	STD  Y+@0,R26
                 	STD  Y+@0+1,R27
                 	STD  Y+@0+2,R24
                 	STD  Y+@0+3,R25
                 	.ENDM
                 
                 	.MACRO __PUTDZ2
                 	STD  Z+@0,R26
                 	STD  Z+@0+1,R27
                 	STD  Z+@0+2,R24
                 	STD  Z+@0+3,R25
                 	.ENDM
                 
                 	.MACRO __CLRD1S
                 	STD  Y+@0,R30
                 	STD  Y+@0+1,R30
                 	STD  Y+@0+2,R30
                 	STD  Y+@0+3,R30
                 	.ENDM
                 
                 	.MACRO __POINTB1MN
                 	LDI  R30,LOW(@0+(@1))
                 	.ENDM
                 
                 	.MACRO __POINTW1MN
                 	LDI  R30,LOW(@0+(@1))
                 	LDI  R31,HIGH(@0+(@1))
                 	.ENDM
                 
                 	.MACRO __POINTD1M
                 	LDI  R30,LOW(@0)
                 	LDI  R31,HIGH(@0)
                 	LDI  R22,BYTE3(@0)
                 	LDI  R23,BYTE4(@0)
                 	.ENDM
                 
                 	.MACRO __POINTW1FN
                 	LDI  R30,LOW(2*@0+(@1))
                 	LDI  R31,HIGH(2*@0+(@1))
                 	.ENDM
                 
                 	.MACRO __POINTD1FN
                 	LDI  R30,LOW(2*@0+(@1))
                 	LDI  R31,HIGH(2*@0+(@1))
                 	LDI  R22,BYTE3(2*@0+(@1))
                 	LDI  R23,BYTE4(2*@0+(@1))
                 	.ENDM
                 
                 	.MACRO __POINTB2MN
                 	LDI  R26,LOW(@0+(@1))
                 	.ENDM
                 
                 	.MACRO __POINTW2MN
                 	LDI  R26,LOW(@0+(@1))
                 	LDI  R27,HIGH(@0+(@1))
                 	.ENDM
                 
                 	.MACRO __POINTW2FN
                 	LDI  R26,LOW(2*@0+(@1))
                 	LDI  R27,HIGH(2*@0+(@1))
                 	.ENDM
                 
                 	.MACRO __POINTD2FN
                 	LDI  R26,LOW(2*@0+(@1))
                 	LDI  R27,HIGH(2*@0+(@1))
                 	LDI  R24,BYTE3(2*@0+(@1))
                 	LDI  R25,BYTE4(2*@0+(@1))
                 	.ENDM
                 
                 	.MACRO __POINTBRM
                 	LDI  R@0,LOW(@1)
                 	.ENDM
                 
                 	.MACRO __POINTWRM
                 	LDI  R@0,LOW(@2)
                 	LDI  R@1,HIGH(@2)
                 	.ENDM
                 
                 	.MACRO __POINTBRMN
                 	LDI  R@0,LOW(@1+(@2))
                 	.ENDM
                 
                 	.MACRO __POINTWRMN
                 	LDI  R@0,LOW(@2+(@3))
                 	LDI  R@1,HIGH(@2+(@3))
                 	.ENDM
                 
                 	.MACRO __POINTWRFN
                 	LDI  R@0,LOW(@2*2+(@3))
                 	LDI  R@1,HIGH(@2*2+(@3))
                 	.ENDM
                 
                 	.MACRO __GETD1N
                 	LDI  R30,LOW(@0)
                 	LDI  R31,HIGH(@0)
                 	LDI  R22,BYTE3(@0)
                 	LDI  R23,BYTE4(@0)
                 	.ENDM
                 
                 	.MACRO __GETD2N
                 	LDI  R26,LOW(@0)
                 	LDI  R27,HIGH(@0)
                 	LDI  R24,BYTE3(@0)
                 	LDI  R25,BYTE4(@0)
                 	.ENDM
                 
                 	.MACRO __GETB1MN
                 	LDS  R30,@0+(@1)
                 	.ENDM
                 
                 	.MACRO __GETB1HMN
                 	LDS  R31,@0+(@1)
                 	.ENDM
                 
                 	.MACRO __GETW1MN
                 	LDS  R30,@0+(@1)
                 	LDS  R31,@0+(@1)+1
                 	.ENDM
                 
                 	.MACRO __GETD1MN
                 	LDS  R30,@0+(@1)
                 	LDS  R31,@0+(@1)+1
                 	LDS  R22,@0+(@1)+2
                 	LDS  R23,@0+(@1)+3
                 	.ENDM
                 
                 	.MACRO __GETBRMN
                 	LDS  R@0,@1+(@2)
                 	.ENDM
                 
                 	.MACRO __GETWRMN
                 	LDS  R@0,@2+(@3)
                 	LDS  R@1,@2+(@3)+1
                 	.ENDM
                 
                 	.MACRO __GETWRZ
                 	LDD  R@0,Z+@2
                 	LDD  R@1,Z+@2+1
                 	.ENDM
                 
                 	.MACRO __GETD2Z
                 	LDD  R26,Z+@0
                 	LDD  R27,Z+@0+1
                 	LDD  R24,Z+@0+2
                 	LDD  R25,Z+@0+3
                 	.ENDM
                 
                 	.MACRO __GETB2MN
                 	LDS  R26,@0+(@1)
                 	.ENDM
                 
                 	.MACRO __GETW2MN
                 	LDS  R26,@0+(@1)
                 	LDS  R27,@0+(@1)+1
                 	.ENDM
                 
                 	.MACRO __GETD2MN
                 	LDS  R26,@0+(@1)
                 	LDS  R27,@0+(@1)+1
                 	LDS  R24,@0+(@1)+2
                 	LDS  R25,@0+(@1)+3
                 	.ENDM
                 
                 	.MACRO __PUTB1MN
                 	STS  @0+(@1),R30
                 	.ENDM
                 
                 	.MACRO __PUTW1MN
                 	STS  @0+(@1),R30
                 	STS  @0+(@1)+1,R31
                 	.ENDM
                 
                 	.MACRO __PUTD1MN
                 	STS  @0+(@1),R30
                 	STS  @0+(@1)+1,R31
                 	STS  @0+(@1)+2,R22
                 	STS  @0+(@1)+3,R23
                 	.ENDM
                 
                 	.MACRO __PUTB1EN
                 	LDI  R26,LOW(@0+(@1))
                 	LDI  R27,HIGH(@0+(@1))
                 	CALL __EEPROMWRB
                 	.ENDM
                 
                 	.MACRO __PUTW1EN
                 	LDI  R26,LOW(@0+(@1))
                 	LDI  R27,HIGH(@0+(@1))
                 	CALL __EEPROMWRW
                 	.ENDM
                 
                 	.MACRO __PUTD1EN
                 	LDI  R26,LOW(@0+(@1))
                 	LDI  R27,HIGH(@0+(@1))
                 	CALL __EEPROMWRD
                 	.ENDM
                 
                 	.MACRO __PUTBR0MN
                 	STS  @0+(@1),R0
                 	.ENDM
                 
                 	.MACRO __PUTBMRN
                 	STS  @0+(@1),R@2
                 	.ENDM
                 
                 	.MACRO __PUTWMRN
                 	STS  @0+(@1),R@2
                 	STS  @0+(@1)+1,R@3
                 	.ENDM
                 
                 	.MACRO __PUTBZR
                 	STD  Z+@1,R@0
                 	.ENDM
                 
                 	.MACRO __PUTWZR
                 	STD  Z+@2,R@0
                 	STD  Z+@2+1,R@1
                 	.ENDM
                 
                 	.MACRO __GETW1R
                 	MOV  R30,R@0
                 	MOV  R31,R@1
                 	.ENDM
                 
                 	.MACRO __GETW2R
                 	MOV  R26,R@0
                 	MOV  R27,R@1
                 	.ENDM
                 
                 	.MACRO __GETWRN
                 	LDI  R@0,LOW(@2)
                 	LDI  R@1,HIGH(@2)
                 	.ENDM
                 
                 	.MACRO __PUTW1R
                 	MOV  R@0,R30
                 	MOV  R@1,R31
                 	.ENDM
                 
                 	.MACRO __PUTW2R
                 	MOV  R@0,R26
                 	MOV  R@1,R27
                 	.ENDM
                 
                 	.MACRO __ADDWRN
                 	SUBI R@0,LOW(-@2)
                 	SBCI R@1,HIGH(-@2)
                 	.ENDM
                 
                 	.MACRO __ADDWRR
                 	ADD  R@0,R@2
                 	ADC  R@1,R@3
                 	.ENDM
                 
                 	.MACRO __SUBWRN
                 	SUBI R@0,LOW(@2)
                 	SBCI R@1,HIGH(@2)
                 	.ENDM
                 
                 	.MACRO __SUBWRR
                 	SUB  R@0,R@2
                 	SBC  R@1,R@3
                 	.ENDM
                 
                 	.MACRO __ANDWRN
                 	ANDI R@0,LOW(@2)
                 	ANDI R@1,HIGH(@2)
                 	.ENDM
                 
                 	.MACRO __ANDWRR
                 	AND  R@0,R@2
                 	AND  R@1,R@3
                 	.ENDM
                 
                 	.MACRO __ORWRN
                 	ORI  R@0,LOW(@2)
                 	ORI  R@1,HIGH(@2)
                 	.ENDM
                 
                 	.MACRO __ORWRR
                 	OR   R@0,R@2
                 	OR   R@1,R@3
                 	.ENDM
                 
                 	.MACRO __EORWRR
                 	EOR  R@0,R@2
                 	EOR  R@1,R@3
                 	.ENDM
                 
                 	.MACRO __GETWRS
                 	LDD  R@0,Y+@2
                 	LDD  R@1,Y+@2+1
                 	.ENDM
                 
                 	.MACRO __PUTBSR
                 	STD  Y+@1,R@0
                 	.ENDM
                 
                 	.MACRO __PUTWSR
                 	STD  Y+@2,R@0
                 	STD  Y+@2+1,R@1
                 	.ENDM
                 
                 	.MACRO __MOVEWRR
                 	MOV  R@0,R@2
                 	MOV  R@1,R@3
                 	.ENDM
                 
                 	.MACRO __INWR
                 	IN   R@0,@2
                 	IN   R@1,@2+1
                 	.ENDM
                 
                 	.MACRO __OUTWR
                 	OUT  @2+1,R@1
                 	OUT  @2,R@0
                 	.ENDM
                 
                 	.MACRO __CALL1MN
                 	LDS  R30,@0+(@1)
                 	LDS  R31,@0+(@1)+1
                 	ICALL
                 	.ENDM
                 
                 	.MACRO __CALL1FN
                 	LDI  R30,LOW(2*@0+(@1))
                 	LDI  R31,HIGH(2*@0+(@1))
                 	CALL __GETW1PF
                 	ICALL
                 	.ENDM
                 
                 	.MACRO __CALL2EN
                 	PUSH R26
                 	PUSH R27
                 	LDI  R26,LOW(@0+(@1))
                 	LDI  R27,HIGH(@0+(@1))
                 	CALL __EEPROMRDW
                 	POP  R27
                 	POP  R26
                 	ICALL
                 	.ENDM
                 
                 	.MACRO __CALL2EX
                 	SUBI R26,LOW(-@0)
                 	SBCI R27,HIGH(-@0)
                 	CALL __EEPROMRDD
                 	ICALL
                 	.ENDM
                 
                 	.MACRO __GETW1STACK
                 	IN   R30,SPL
                 	IN   R31,SPH
                 	ADIW R30,@0+1
                 	LD   R0,Z+
                 	LD   R31,Z
                 	MOV  R30,R0
                 	.ENDM
                 
                 	.MACRO __GETD1STACK
                 	IN   R30,SPL
                 	IN   R31,SPH
                 	ADIW R30,@0+1
                 	LD   R0,Z+
                 	LD   R1,Z+
                 	LD   R22,Z
                 	MOVW R30,R0
                 	.ENDM
                 
                 	.MACRO __NBST
                 	BST  R@0,@1
                 	IN   R30,SREG
                 	LDI  R31,0x40
                 	EOR  R30,R31
                 	OUT  SREG,R30
                 	.ENDM
                 
                 
                 	.MACRO __PUTB1SN
                 	LDD  R26,Y+@0
                 	LDD  R27,Y+@0+1
                 	SUBI R26,LOW(-@1)
                 	SBCI R27,HIGH(-@1)
                 	ST   X,R30
                 	.ENDM
                 
                 	.MACRO __PUTW1SN
                 	LDD  R26,Y+@0
                 	LDD  R27,Y+@0+1
                 	SUBI R26,LOW(-@1)
                 	SBCI R27,HIGH(-@1)
                 	ST   X+,R30
                 	ST   X,R31
                 	.ENDM
                 
                 	.MACRO __PUTD1SN
                 	LDD  R26,Y+@0
                 	LDD  R27,Y+@0+1
                 	SUBI R26,LOW(-@1)
                 	SBCI R27,HIGH(-@1)
                 	CALL __PUTDP1
                 	.ENDM
                 
                 	.MACRO __PUTB1SNS
                 	LDD  R26,Y+@0
                 	LDD  R27,Y+@0+1
                 	ADIW R26,@1
                 	ST   X,R30
                 	.ENDM
                 
                 	.MACRO __PUTW1SNS
                 	LDD  R26,Y+@0
                 	LDD  R27,Y+@0+1
                 	ADIW R26,@1
                 	ST   X+,R30
                 	ST   X,R31
                 	.ENDM
                 
                 	.MACRO __PUTD1SNS
                 	LDD  R26,Y+@0
                 	LDD  R27,Y+@0+1
                 	ADIW R26,@1
                 	CALL __PUTDP1
                 	.ENDM
                 
                 	.MACRO __PUTB1PMN
                 	LDS  R26,@0
                 	LDS  R27,@0+1
                 	SUBI R26,LOW(-@1)
                 	SBCI R27,HIGH(-@1)
                 	ST   X,R30
                 	.ENDM
                 
                 	.MACRO __PUTW1PMN
                 	LDS  R26,@0
                 	LDS  R27,@0+1
                 	SUBI R26,LOW(-@1)
                 	SBCI R27,HIGH(-@1)
                 	ST   X+,R30
                 	ST   X,R31
                 	.ENDM
                 
                 	.MACRO __PUTD1PMN
                 	LDS  R26,@0
                 	LDS  R27,@0+1
                 	SUBI R26,LOW(-@1)
                 	SBCI R27,HIGH(-@1)
                 	CALL __PUTDP1
                 	.ENDM
                 
                 	.MACRO __PUTB1PMNS
                 	LDS  R26,@0
                 	LDS  R27,@0+1
                 	ADIW R26,@1
                 	ST   X,R30
                 	.ENDM
                 
                 	.MACRO __PUTW1PMNS
                 	LDS  R26,@0
                 	LDS  R27,@0+1
                 	ADIW R26,@1
                 	ST   X+,R30
                 	ST   X,R31
                 	.ENDM
                 
                 	.MACRO __PUTD1PMNS
                 	LDS  R26,@0
                 	LDS  R27,@0+1
                 	ADIW R26,@1
                 	CALL __PUTDP1
                 	.ENDM
                 
                 	.MACRO __PUTB1RN
                 	MOVW R26,R@0
                 	SUBI R26,LOW(-@1)
                 	SBCI R27,HIGH(-@1)
                 	ST   X,R30
                 	.ENDM
                 
                 	.MACRO __PUTW1RN
                 	MOVW R26,R@0
                 	SUBI R26,LOW(-@1)
                 	SBCI R27,HIGH(-@1)
                 	ST   X+,R30
                 	ST   X,R31
                 	.ENDM
                 
                 	.MACRO __PUTD1RN
                 	MOVW R26,R@0
                 	SUBI R26,LOW(-@1)
                 	SBCI R27,HIGH(-@1)
                 	CALL __PUTDP1
                 	.ENDM
                 
                 	.MACRO __PUTB1RNS
                 	MOVW R26,R@0
                 	ADIW R26,@1
                 	ST   X,R30
                 	.ENDM
                 
                 	.MACRO __PUTW1RNS
                 	MOVW R26,R@0
                 	ADIW R26,@1
                 	ST   X+,R30
                 	ST   X,R31
                 	.ENDM
                 
                 	.MACRO __PUTD1RNS
                 	MOVW R26,R@0
                 	ADIW R26,@1
                 	CALL __PUTDP1
                 	.ENDM
                 
                 	.MACRO __PUTB1RON
                 	MOV  R26,R@0
                 	MOV  R27,R@1
                 	SUBI R26,LOW(-@2)
                 	SBCI R27,HIGH(-@2)
                 	ST   X,R30
                 	.ENDM
                 
                 	.MACRO __PUTW1RON
                 	MOV  R26,R@0
                 	MOV  R27,R@1
                 	SUBI R26,LOW(-@2)
                 	SBCI R27,HIGH(-@2)
                 	ST   X+,R30
                 	ST   X,R31
                 	.ENDM
                 
                 	.MACRO __PUTD1RON
                 	MOV  R26,R@0
                 	MOV  R27,R@1
                 	SUBI R26,LOW(-@2)
                 	SBCI R27,HIGH(-@2)
                 	CALL __PUTDP1
                 	.ENDM
                 
                 	.MACRO __PUTB1RONS
                 	MOV  R26,R@0
                 	MOV  R27,R@1
                 	ADIW R26,@2
                 	ST   X,R30
                 	.ENDM
                 
                 	.MACRO __PUTW1RONS
                 	MOV  R26,R@0
                 	MOV  R27,R@1
                 	ADIW R26,@2
                 	ST   X+,R30
                 	ST   X,R31
                 	.ENDM
                 
                 	.MACRO __PUTD1RONS
                 	MOV  R26,R@0
                 	MOV  R27,R@1
                 	ADIW R26,@2
                 	CALL __PUTDP1
                 	.ENDM
                 
                 
                 	.MACRO __GETB1SX
                 	MOVW R30,R28
                 	SUBI R30,LOW(-@0)
                 	SBCI R31,HIGH(-@0)
                 	LD   R30,Z
                 	.ENDM
                 
                 	.MACRO __GETB1HSX
                 	MOVW R30,R28
                 	SUBI R30,LOW(-@0)
                 	SBCI R31,HIGH(-@0)
                 	LD   R31,Z
                 	.ENDM
                 
                 	.MACRO __GETW1SX
                 	MOVW R30,R28
                 	SUBI R30,LOW(-@0)
                 	SBCI R31,HIGH(-@0)
                 	LD   R0,Z+
                 	LD   R31,Z
                 	MOV  R30,R0
                 	.ENDM
                 
                 	.MACRO __GETD1SX
                 	MOVW R30,R28
                 	SUBI R30,LOW(-@0)
                 	SBCI R31,HIGH(-@0)
                 	LD   R0,Z+
                 	LD   R1,Z+
                 	LD   R22,Z+
                 	LD   R23,Z
                 	MOVW R30,R0
                 	.ENDM
                 
                 	.MACRO __GETB2SX
                 	MOVW R26,R28
                 	SUBI R26,LOW(-@0)
                 	SBCI R27,HIGH(-@0)
                 	LD   R26,X
                 	.ENDM
                 
                 	.MACRO __GETW2SX
                 	MOVW R26,R28
                 	SUBI R26,LOW(-@0)
                 	SBCI R27,HIGH(-@0)
                 	LD   R0,X+
                 	LD   R27,X
                 	MOV  R26,R0
                 	.ENDM
                 
                 	.MACRO __GETD2SX
                 	MOVW R26,R28
                 	SUBI R26,LOW(-@0)
                 	SBCI R27,HIGH(-@0)
                 	LD   R0,X+
                 	LD   R1,X+
                 	LD   R24,X+
                 	LD   R25,X
                 	MOVW R26,R0
                 	.ENDM
                 
                 	.MACRO __GETBRSX
                 	MOVW R30,R28
                 	SUBI R30,LOW(-@1)
                 	SBCI R31,HIGH(-@1)
                 	LD   R@0,Z
                 	.ENDM
                 
                 	.MACRO __GETWRSX
                 	MOVW R30,R28
                 	SUBI R30,LOW(-@2)
                 	SBCI R31,HIGH(-@2)
                 	LD   R@0,Z+
                 	LD   R@1,Z
                 	.ENDM
                 
                 	.MACRO __GETBRSX2
                 	MOVW R26,R28
                 	SUBI R26,LOW(-@1)
                 	SBCI R27,HIGH(-@1)
                 	LD   R@0,X
                 	.ENDM
                 
                 	.MACRO __GETWRSX2
                 	MOVW R26,R28
                 	SUBI R26,LOW(-@2)
                 	SBCI R27,HIGH(-@2)
                 	LD   R@0,X+
                 	LD   R@1,X
                 	.ENDM
                 
                 	.MACRO __LSLW8SX
                 	MOVW R30,R28
                 	SUBI R30,LOW(-@0)
                 	SBCI R31,HIGH(-@0)
                 	LD   R31,Z
                 	CLR  R30
                 	.ENDM
                 
                 	.MACRO __PUTB1SX
                 	MOVW R26,R28
                 	SUBI R26,LOW(-@0)
                 	SBCI R27,HIGH(-@0)
                 	ST   X,R30
                 	.ENDM
                 
                 	.MACRO __PUTW1SX
                 	MOVW R26,R28
                 	SUBI R26,LOW(-@0)
                 	SBCI R27,HIGH(-@0)
                 	ST   X+,R30
                 	ST   X,R31
                 	.ENDM
                 
                 	.MACRO __PUTD1SX
                 	MOVW R26,R28
                 	SUBI R26,LOW(-@0)
                 	SBCI R27,HIGH(-@0)
                 	ST   X+,R30
                 	ST   X+,R31
                 	ST   X+,R22
                 	ST   X,R23
                 	.ENDM
                 
                 	.MACRO __CLRW1SX
                 	MOVW R26,R28
                 	SUBI R26,LOW(-@0)
                 	SBCI R27,HIGH(-@0)
                 	ST   X+,R30
                 	ST   X,R30
                 	.ENDM
                 
                 	.MACRO __CLRD1SX
                 	MOVW R26,R28
                 	SUBI R26,LOW(-@0)
                 	SBCI R27,HIGH(-@0)
                 	ST   X+,R30
                 	ST   X+,R30
                 	ST   X+,R30
                 	ST   X,R30
                 	.ENDM
                 
                 	.MACRO __PUTB2SX
                 	MOVW R30,R28
                 	SUBI R30,LOW(-@0)
                 	SBCI R31,HIGH(-@0)
                 	ST   Z,R26
                 	.ENDM
                 
                 	.MACRO __PUTW2SX
                 	MOVW R30,R28
                 	SUBI R30,LOW(-@0)
                 	SBCI R31,HIGH(-@0)
                 	ST   Z+,R26
                 	ST   Z,R27
                 	.ENDM
                 
                 	.MACRO __PUTD2SX
                 	MOVW R30,R28
                 	SUBI R30,LOW(-@0)
                 	SBCI R31,HIGH(-@0)
                 	ST   Z+,R26
                 	ST   Z+,R27
                 	ST   Z+,R24
                 	ST   Z,R25
                 	.ENDM
                 
                 	.MACRO __PUTBSRX
                 	MOVW R30,R28
                 	SUBI R30,LOW(-@1)
                 	SBCI R31,HIGH(-@1)
                 	ST   Z,R@0
                 	.ENDM
                 
                 	.MACRO __PUTWSRX
                 	MOVW R30,R28
                 	SUBI R30,LOW(-@2)
                 	SBCI R31,HIGH(-@2)
                 	ST   Z+,R@0
                 	ST   Z,R@1
                 	.ENDM
                 
                 	.MACRO __PUTB1SNX
                 	MOVW R26,R28
                 	SUBI R26,LOW(-@0)
                 	SBCI R27,HIGH(-@0)
                 	LD   R0,X+
                 	LD   R27,X
                 	MOV  R26,R0
                 	SUBI R26,LOW(-@1)
                 	SBCI R27,HIGH(-@1)
                 	ST   X,R30
                 	.ENDM
                 
                 	.MACRO __PUTW1SNX
                 	MOVW R26,R28
                 	SUBI R26,LOW(-@0)
                 	SBCI R27,HIGH(-@0)
                 	LD   R0,X+
                 	LD   R27,X
                 	MOV  R26,R0
                 	SUBI R26,LOW(-@1)
                 	SBCI R27,HIGH(-@1)
                 	ST   X+,R30
                 	ST   X,R31
                 	.ENDM
                 
                 	.MACRO __PUTD1SNX
                 	MOVW R26,R28
                 	SUBI R26,LOW(-@0)
                 	SBCI R27,HIGH(-@0)
                 	LD   R0,X+
                 	LD   R27,X
                 	MOV  R26,R0
                 	SUBI R26,LOW(-@1)
                 	SBCI R27,HIGH(-@1)
                 	ST   X+,R30
                 	ST   X+,R31
                 	ST   X+,R22
                 	ST   X,R23
                 	.ENDM
                 
                 	.MACRO __MULBRR
                 	MULS R@0,R@1
                 	MOVW R30,R0
                 	.ENDM
                 
                 	.MACRO __MULBRRU
                 	MUL  R@0,R@1
                 	MOVW R30,R0
                 	.ENDM
                 
                 	.MACRO __MULBRR0
                 	MULS R@0,R@1
                 	.ENDM
                 
                 	.MACRO __MULBRRU0
                 	MUL  R@0,R@1
                 	.ENDM
                 
                 	.MACRO __MULBNWRU
                 	LDI  R26,@2
                 	MUL  R26,R@0
                 	MOVW R30,R0
                 	MUL  R26,R@1
                 	ADD  R31,R0
                 	.ENDM
                 
                 ;NAME DEFINITIONS FOR GLOBAL VARIABLES ALLOCATED TO REGISTERS
                 	.DEF _edge_flag=R5
                 	.DEF _timer0_overflow=R6
                 	.DEF _timer0_overflow_msb=R7
                 
                 	.CSEG
                 	.ORG 0x00
                 
                 ;START OF CODE MARKER
                 __START_OF_CODE:
                 
                 ;INTERRUPT VECTORS
000000 940c 0041 	JMP  __RESET
000002 940c 006e 	JMP  _ext_int0_isr
000004 940c 0000 	JMP  0x00
000006 940c 0000 	JMP  0x00
000008 940c 0000 	JMP  0x00
00000a 940c 0000 	JMP  0x00
00000c 940c 0000 	JMP  0x00
00000e 940c 0000 	JMP  0x00
000010 940c 0000 	JMP  0x00
000012 940c 009b 	JMP  _timer0_ovf_isr
000014 940c 0000 	JMP  0x00
000016 940c 0000 	JMP  0x00
000018 940c 0000 	JMP  0x00
00001a 940c 0000 	JMP  0x00
00001c 940c 0000 	JMP  0x00
00001e 940c 0000 	JMP  0x00
000020 940c 0000 	JMP  0x00
000022 940c 0390 	JMP  _twi_int_handler
000024 940c 0000 	JMP  0x00
000026 940c 0000 	JMP  0x00
000028 940c 0000 	JMP  0x00
                 
                 ;REGISTER BIT VARIABLES INITIALIZATION
                 __REG_BIT_VARS:
00002a 0000      	.DW  0x0000
                 
                 ;GLOBAL REGISTER VARIABLES INITIALIZATION
                 __REG_VARS:
00002b 0000
C:\Users\Admin\Desktop\Radar_final\Debug\List\radar.asm(1127): warning: .cseg .db misalignment - padding zero byte
00002c 0000      	.DB  0x0,0x0,0x0
                 
                 _0x2020003:
C:\Users\Admin\Desktop\Radar_final\Debug\List\radar.asm(1130): warning: .cseg .db misalignment - padding zero byte
00002d 0007      	.DB  0x7
                 _0x2040060:
C:\Users\Admin\Desktop\Radar_final\Debug\List\radar.asm(1132): warning: .cseg .db misalignment - padding zero byte
00002e 0001      	.DB  0x1
                 _0x2040000:
00002f 4e2d
000030 4e41
000031 4900
000032 464e      	.DB  0x2D,0x4E,0x41,0x4E,0x0,0x49,0x4E,0x46
C:\Users\Admin\Desktop\Radar_final\Debug\List\radar.asm(1135): warning: .cseg .db misalignment - padding zero byte
000033 0000      	.DB  0x0
                 
                 __GLOBAL_INI_TBL:
000034 0001      	.DW  0x01
000035 0002      	.DW  0x02
000036 0054      	.DW  __REG_BIT_VARS*2
                 
000037 0003      	.DW  0x03
000038 0005      	.DW  0x05
000039 0056      	.DW  __REG_VARS*2
                 
00003a 0001      	.DW  0x01
00003b 0162      	.DW  _twi_result
00003c 005a      	.DW  _0x2020003*2
                 
00003d 0001      	.DW  0x01
00003e 0173      	.DW  __seed_G102
00003f 005c      	.DW  _0x2040060*2
                 
                 _0xFFFFFFFF:
000040 0000      	.DW  0
                 
                 #define __GLOBAL_INI_TBL_PRESENT 1
                 
                 __RESET:
000041 94f8      	CLI
000042 27ee      	CLR  R30
000043 bbec      	OUT  EECR,R30
                 
                 ;INTERRUPT VECTORS ARE PLACED
                 ;AT THE START OF FLASH
000044 e0f1      	LDI  R31,1
000045 bffb      	OUT  GICR,R31
000046 bfeb      	OUT  GICR,R30
000047 bfe5      	OUT  MCUCR,R30
                 
                 ;CLEAR R2-R14
000048 e08d      	LDI  R24,(14-2)+1
000049 e0a2      	LDI  R26,2
00004a 27bb      	CLR  R27
                 __CLEAR_REG:
00004b 93ed      	ST   X+,R30
00004c 958a      	DEC  R24
00004d f7e9      	BRNE __CLEAR_REG
                 
                 ;CLEAR SRAM
00004e e080      	LDI  R24,LOW(__CLEAR_SRAM_SIZE)
00004f e094      	LDI  R25,HIGH(__CLEAR_SRAM_SIZE)
000050 e6a0      	LDI  R26,__SRAM_START
                 __CLEAR_SRAM:
000051 93ed      	ST   X+,R30
000052 9701      	SBIW R24,1
000053 f7e9      	BRNE __CLEAR_SRAM
                 
                 ;GLOBAL VARIABLES INITIALIZATION
000054 e6e8      	LDI  R30,LOW(__GLOBAL_INI_TBL*2)
000055 e0f0      	LDI  R31,HIGH(__GLOBAL_INI_TBL*2)
                 __GLOBAL_INI_NEXT:
000056 9185      	LPM  R24,Z+
000057 9195      	LPM  R25,Z+
000058 9700      	SBIW R24,0
000059 f061      	BREQ __GLOBAL_INI_END
00005a 91a5      	LPM  R26,Z+
00005b 91b5      	LPM  R27,Z+
00005c 9005      	LPM  R0,Z+
00005d 9015      	LPM  R1,Z+
00005e 01bf      	MOVW R22,R30
00005f 01f0      	MOVW R30,R0
                 __GLOBAL_INI_LOOP:
000060 9005      	LPM  R0,Z+
000061 920d      	ST   X+,R0
000062 9701      	SBIW R24,1
000063 f7e1      	BRNE __GLOBAL_INI_LOOP
000064 01fb      	MOVW R30,R22
000065 cff0      	RJMP __GLOBAL_INI_NEXT
                 __GLOBAL_INI_END:
                 
                 ;HARDWARE STACK POINTER INITIALIZATION
000066 e5ef      	LDI  R30,LOW(__SRAM_END-__HEAP_SIZE)
000067 bfed      	OUT  SPL,R30
000068 e0e4      	LDI  R30,HIGH(__SRAM_END-__HEAP_SIZE)
000069 bfee      	OUT  SPH,R30
                 
                 ;DATA STACK POINTER INITIALIZATION
00006a e6c0      	LDI  R28,LOW(__SRAM_START+__DSTACK_SIZE)
00006b e0d1      	LDI  R29,HIGH(__SRAM_START+__DSTACK_SIZE)
                 
00006c 940c 021c 	JMP  _main
                 
                 	.ESEG
                 	.ORG 0
                 
                 	.DSEG
                 	.ORG 0x160
                 
                 	.CSEG
                 ;/*******************************************************
                 ;This program was created by the
                 ;CodeWizardAVR V3.14 Advanced
                 ;Automatic Program Generator
                 ;© Copyright 1998-2014 Pavel Haiduc, HP InfoTech s.r.l.
                 ;http://www.hpinfotech.com
                 ;
                 ;Project :
                 ;Version :
                 ;Date    : 11/07/2026
                 ;Author  :
                 ;Company :
                 ;Comments:
                 ;
                 ;
                 ;Chip type               : ATmega16
                 ;Program type            : Application
                 ;AVR Core Clock frequency: 8/000000 MHz
                 ;Memory model            : Small
                 ;External RAM size       : 0
                 ;Data Stack size         : 512
                 ;*******************************************************/
                 ;
                 ;#include <mega16.h>
                 	#ifndef __SLEEP_DEFINED__
                 	#define __SLEEP_DEFINED__
                 	.EQU __se_bit=0x40
                 	.EQU __sm_mask=0xB0
                 	.EQU __sm_powerdown=0x20
                 	.EQU __sm_powersave=0x30
                 	.EQU __sm_standby=0xA0
                 	.EQU __sm_ext_standby=0xB0
                 	.EQU __sm_adc_noise_red=0x10
                 	.SET power_ctrl_reg=mcucr
                 	#endif
                 ;#include <delay.h>
                 ;#include <io.h>
                 ;#include <math.h>
                 ;
                 ;// TWI functions
                 ;#include <twi.h>
                 ;
                 ;// Pin Definition
                 ;#define TRIG PORTD.1
                 ;#define SSD1306_ADDR  0x3C //OLED Address
                 ;
                 ;
                 ;// Declare your global variables here
                 ;unsigned long pulse_width = 0;
                 ;unsigned char edge_flag = 0;
                 ;bit measurement_done = 0;
                 ;unsigned int timer0_overflow = 0;
                 ;
                 ;// External Interrupt 0 service routine
                 ;interrupt [EXT_INT0] void ext_int0_isr(void)
                 ; 0000 002D {
                 
                 	.CSEG
                 _ext_int0_isr:
                 ; .FSTART _ext_int0_isr
00006e 920a      	ST   -Y,R0
00006f 936a      	ST   -Y,R22
000070 937a      	ST   -Y,R23
000071 938a      	ST   -Y,R24
000072 939a      	ST   -Y,R25
000073 93aa      	ST   -Y,R26
000074 93ba      	ST   -Y,R27
000075 93ea      	ST   -Y,R30
000076 93fa      	ST   -Y,R31
000077 b7ef      	IN   R30,SREG
000078 93ea      	ST   -Y,R30
                 ; 0000 002E // Place your code here
                 ; 0000 002F     if (edge_flag == 0) {                    // Rising edge
000079 2055      	TST  R5
00007a f459      	BRNE _0x3
                 ; 0000 0030         TCNT0 = 0;
00007b e0e0      	LDI  R30,LOW(0)
00007c bfe2      	OUT  0x32,R30
                 ; 0000 0031         timer0_overflow = 0;
00007d 2466      	CLR  R6
00007e 2477      	CLR  R7
                 ; 0000 0032         TCCR0 = (1<<CS01) | (1<<CS00);       // Prescaler 64 ? 8us per tick @ 8MHz
00007f e0e3      	LDI  R30,LOW(3)
000080 bfe3      	OUT  0x33,R30
                 ; 0000 0033         MCUCR = (1<<ISC01) | (0<<ISC00);     // Switch to Falling edge
000081 e0e2      	LDI  R30,LOW(2)
000082 bfe5      	OUT  0x35,R30
                 ; 0000 0034         edge_flag = 1;
000083 e0e1      	LDI  R30,LOW(1)
000084 2e5e      	MOV  R5,R30
                 ; 0000 0035     } else {                                 // Falling edge
000085 c009      	RJMP _0x4
                 _0x3:
                 ; 0000 0036         TCCR0 = 0;                           // Stop Timer0
000086 e0e0      	LDI  R30,LOW(0)
000087 bfe3      	OUT  0x33,R30
                 ; 0000 0037         pulse_width = ((unsigned long)timer0_overflow << 8) | TCNT0;
000088 940e 04f5 	CALL SUBOPT_0x0
                 ; 0000 0038         MCUCR = (1<<ISC01) | (1<<ISC00);     // Back to Rising edge
00008a e0e3      	LDI  R30,LOW(3)
00008b bfe5      	OUT  0x35,R30
                 ; 0000 0039         edge_flag = 0;
00008c 2455      	CLR  R5
                 ; 0000 003A         measurement_done = 1;
00008d 9468      	SET
00008e f820      	BLD  R2,0
                 ; 0000 003B     }
                 _0x4:
                 ; 0000 003C }
00008f 91e9      	LD   R30,Y+
000090 bfef      	OUT  SREG,R30
000091 91f9      	LD   R31,Y+
000092 91e9      	LD   R30,Y+
000093 91b9      	LD   R27,Y+
000094 91a9      	LD   R26,Y+
000095 9199      	LD   R25,Y+
000096 9189      	LD   R24,Y+
000097 9179      	LD   R23,Y+
000098 9169      	LD   R22,Y+
000099 9009      	LD   R0,Y+
00009a 9518      	RETI
                 ; .FEND
                 ;
                 ;// Timer 0 overflow interrupt service routine
                 ;interrupt [TIM0_OVF] void timer0_ovf_isr(void)
                 ; 0000 0040 {
                 _timer0_ovf_isr:
                 ; .FSTART _timer0_ovf_isr
00009b 93ea      	ST   -Y,R30
00009c 93fa      	ST   -Y,R31
00009d b7ef      	IN   R30,SREG
00009e 93ea      	ST   -Y,R30
                 ; 0000 0041 // Place your code here
                 ; 0000 0042     timer0_overflow++;
00009f 01f3      	MOVW R30,R6
0000a0 9631      	ADIW R30,1
0000a1 013f      	MOVW R6,R30
                 ; 0000 0043 }
0000a2 91e9      	LD   R30,Y+
0000a3 bfef      	OUT  SREG,R30
0000a4 91f9      	LD   R31,Y+
0000a5 91e9      	LD   R30,Y+
0000a6 9518      	RETI
                 ; .FEND
                 ;
                 ;unsigned int get_distance(void)
                 ; 0000 0046 {
                 _get_distance:
                 ; .FSTART _get_distance
                 ; 0000 0047     pulse_width = 0;
0000a7 e0e0      	LDI  R30,LOW(0)
0000a8 93e0 0163 	STS  _pulse_width,R30
0000aa 93e0 0164 	STS  _pulse_width+1,R30
0000ac 93e0 0165 	STS  _pulse_width+2,R30
0000ae 93e0 0166 	STS  _pulse_width+3,R30
                 ; 0000 0048     measurement_done = 0;
0000b0 94e8      	CLT
0000b1 f820      	BLD  R2,0
                 ; 0000 0049     edge_flag = 0;
0000b2 2455      	CLR  R5
                 ; 0000 004A     timer0_overflow = 0;
0000b3 2466      	CLR  R6
0000b4 2477      	CLR  R7
                 ; 0000 004B 
                 ; 0000 004C     // Send Trigger Pulse
                 ; 0000 004D     TRIG = 0;
0000b5 9891      	CBI  0x12,1
                 ; 0000 004E     delay_us(3);
                +
0000b6 e088     +LDI R24 , LOW ( 8 )
                +__DELAY_USB_LOOP :
0000b7 958a     +DEC R24
0000b8 f7f1     +BRNE __DELAY_USB_LOOP
                 	__DELAY_USB 8
                 ; 0000 004F     TRIG = 1;
0000b9 9a91      	SBI  0x12,1
                 ; 0000 0050     delay_us(12);
                +
0000ba e280     +LDI R24 , LOW ( 32 )
                +__DELAY_USB_LOOP :
0000bb 958a     +DEC R24
0000bc f7f1     +BRNE __DELAY_USB_LOOP
                 	__DELAY_USB 32
                 ; 0000 0051     TRIG = 0;
0000bd 9891      	CBI  0x12,1
                 ; 0000 0052 
                 ; 0000 0053     // Wait up to 60ms for echo
                 ; 0000 0054     delay_ms(60);
0000be e3ac      	LDI  R26,LOW(60)
0000bf e0b0      	LDI  R27,0
0000c0 940e 0556 	CALL _delay_ms
                 ; 0000 0055 
                 ; 0000 0056     if (measurement_done) {
0000c2 fe20      	SBRS R2,0
0000c3 c015      	RJMP _0xB
                 ; 0000 0057         // Combine overflow and timer value (each tick = 8us with prescaler 64)
                 ; 0000 0058         pulse_width = ((unsigned long)timer0_overflow << 8) | TCNT0;
0000c4 940e 04f5 	CALL SUBOPT_0x0
                 ; 0000 0059         if (pulse_width < 50000) {
0000c6 940e 050c 	CALL SUBOPT_0x1
                +
0000c8 35a0     +CPI R26 , LOW ( 0xC350 )
0000c9 ece3     +LDI R30 , HIGH ( 0xC350 )
0000ca 07be     +CPC R27 , R30
0000cb e0e0     +LDI R30 , BYTE3 ( 0xC350 )
0000cc 078e     +CPC R24 , R30
0000cd e0e0     +LDI R30 , BYTE4 ( 0xC350 )
0000ce 079e     +CPC R25 , R30
                 	__CPD2N 0xC350
0000cf f448      	BRSH _0xC
                 ; 0000 005A             return pulse_width / 58;        // Approx cm (adjusted for prescaler)
0000d0 940e 050c 	CALL SUBOPT_0x1
                +
0000d2 e3ea     +LDI R30 , LOW ( 0x3A )
0000d3 e0f0     +LDI R31 , HIGH ( 0x3A )
0000d4 e060     +LDI R22 , BYTE3 ( 0x3A )
0000d5 e070     +LDI R23 , BYTE4 ( 0x3A )
                 	__GETD1N 0x3A
0000d6 940e 0770 	CALL __DIVD21U
0000d8 9508      	RET
                 ; 0000 005B         }
                 ; 0000 005C     }
                 _0xC:
                 ; 0000 005D 
                 ; 0000 005E     return 0;   // Timeout or error
                 _0xB:
0000d9 e0e0      	LDI  R30,LOW(0)
0000da e0f0      	LDI  R31,HIGH(0)
0000db 9508      	RET
                 ; 0000 005F }
                 ; .FEND
                 ;
                 ;/* I2C */
                 ;void I2C_Init(void) {
                 ; 0000 0062 void I2C_Init(void) {
                 _I2C_Init:
                 ; .FSTART _I2C_Init
                 ; 0000 0063     TWSR = 0;
0000dc e0e0      	LDI  R30,LOW(0)
0000dd b9e1      	OUT  0x1,R30
                 ; 0000 0064     TWBR = 12;//400kHz speed for I2C
0000de e0ec      	LDI  R30,LOW(12)
0000df b9e0      	OUT  0x0,R30
                 ; 0000 0065     TWCR = (1<<TWEN);
0000e0 e0e4      	LDI  R30,LOW(4)
0000e1 bfe6      	OUT  0x36,R30
                 ; 0000 0066 }
0000e2 9508      	RET
                 ; .FEND
                 ;
                 ;void I2C_Start(void) {
                 ; 0000 0068 void I2C_Start(void) {
                 _I2C_Start:
                 ; .FSTART _I2C_Start
                 ; 0000 0069     TWCR = (1<<TWINT)|(1<<TWSTA)|(1<<TWEN);
0000e3 eae4      	LDI  R30,LOW(164)
0000e4 bfe6      	OUT  0x36,R30
                 ; 0000 006A     while (!(TWCR & (1<<TWINT)));
                 _0xD:
0000e5 b7e6      	IN   R30,0x36
0000e6 78e0      	ANDI R30,LOW(0x80)
0000e7 f3e9      	BREQ _0xD
                 ; 0000 006B }
0000e8 9508      	RET
                 ; .FEND
                 ;
                 ;void I2C_Stop(void) {
                 ; 0000 006D void I2C_Stop(void) {
                 _I2C_Stop:
                 ; .FSTART _I2C_Stop
                 ; 0000 006E     TWCR = (1<<TWINT)|(1<<TWSTO)|(1<<TWEN);
0000e9 e9e4      	LDI  R30,LOW(148)
0000ea bfe6      	OUT  0x36,R30
                 ; 0000 006F     while (TWCR & (1<<TWSTO));
                 _0x10:
0000eb b7e6      	IN   R30,0x36
0000ec fde4      	SBRC R30,4
0000ed cffd      	RJMP _0x10
                 ; 0000 0070 }
0000ee 9508      	RET
                 ; .FEND
                 ;
                 ;void I2C_Write(unsigned char data) {
                 ; 0000 0072 void I2C_Write(unsigned char data) {
                 _I2C_Write:
                 ; .FSTART _I2C_Write
                 ; 0000 0073     TWDR = data;
0000ef 93aa      	ST   -Y,R26
                 ;	data -> Y+0
0000f0 81e8      	LD   R30,Y
0000f1 b9e3      	OUT  0x3,R30
                 ; 0000 0074     TWCR = (1<<TWINT)|(1<<TWEN);
0000f2 e8e4      	LDI  R30,LOW(132)
0000f3 bfe6      	OUT  0x36,R30
                 ; 0000 0075     while (!(TWCR & (1<<TWINT)));
                 _0x13:
0000f4 b7e6      	IN   R30,0x36
0000f5 78e0      	ANDI R30,LOW(0x80)
0000f6 f3e9      	BREQ _0x13
                 ; 0000 0076 }
0000f7 c00b      	RJMP _0x20A0005
                 ; .FEND
                 ;
                 ;/* OLED */
                 ;void OLED_Cmd(unsigned char cmd) {
                 ; 0000 0079 void OLED_Cmd(unsigned char cmd) {
                 _OLED_Cmd:
                 ; .FSTART _OLED_Cmd
                 ; 0000 007A     I2C_Start();
0000f8 940e 0515 	CALL SUBOPT_0x2
                 ;	cmd -> Y+0
                 ; 0000 007B     I2C_Write(SSD1306_ADDR << 1);
                 ; 0000 007C     I2C_Write(0x00);
0000fa e0a0      	LDI  R26,LOW(0)
0000fb c003      	RJMP _0x20A0004
                 ; 0000 007D     I2C_Write(cmd);
                 ; 0000 007E     I2C_Stop();
                 ; 0000 007F }
                 ; .FEND
                 ;
                 ;void OLED_Data(unsigned char data) {
                 ; 0000 0081 void OLED_Data(unsigned char data) {
                 _OLED_Data:
                 ; .FSTART _OLED_Data
                 ; 0000 0082     I2C_Start();
0000fc 940e 0515 	CALL SUBOPT_0x2
                 ;	data -> Y+0
                 ; 0000 0083     I2C_Write(SSD1306_ADDR << 1);
                 ; 0000 0084     I2C_Write(0x40);
0000fe e4a0      	LDI  R26,LOW(64)
                 _0x20A0004:
0000ff dfef      	RCALL _I2C_Write
                 ; 0000 0085     I2C_Write(data);
000100 81a8      	LD   R26,Y
000101 dfed      	RCALL _I2C_Write
                 ; 0000 0086     I2C_Stop();
000102 dfe6      	RCALL _I2C_Stop
                 ; 0000 0087 }
                 _0x20A0005:
000103 9621      	ADIW R28,1
000104 9508      	RET
                 ; .FEND
                 ;
                 ;/* Frame Buffer */
                 ;
                 ;void OLED_Pixel(unsigned char x, unsigned char y)
                 ; 0000 008C {
                 _OLED_Pixel:
                 ; .FSTART _OLED_Pixel
                 ; 0000 008D     if (x >= 128 || y >= 64)
000105 93aa      	ST   -Y,R26
                 ;	x -> Y+1
                 ;	y -> Y+0
000106 81a9      	LDD  R26,Y+1
000107 38a0      	CPI  R26,LOW(0x80)
000108 f418      	BRSH _0x17
000109 81a8      	LD   R26,Y
00010a 34a0      	CPI  R26,LOW(0x40)
00010b f008      	BRLO _0x16
                 _0x17:
                 ; 0000 008E         return;
00010c c024      	RJMP _0x20A0003
                 ; 0000 008F 
                 ; 0000 0090     OLED_Cmd(0xB0 + (y / 8));          // ?????? Page
                 _0x16:
00010d 81a8      	LD   R26,Y
00010e e0b0      	LDI  R27,0
00010f e0e8      	LDI  R30,LOW(8)
000110 e0f0      	LDI  R31,HIGH(8)
000111 940e 076b 	CALL __DIVW21
000113 55e0      	SUBI R30,-LOW(176)
000114 2fae      	MOV  R26,R30
000115 dfe2      	RCALL _OLED_Cmd
                 ; 0000 0091     OLED_Cmd(x & 0x0F);                // ???? ????? ????
000116 81e9      	LDD  R30,Y+1
000117 70ef      	ANDI R30,LOW(0xF)
000118 2fae      	MOV  R26,R30
000119 dfde      	RCALL _OLED_Cmd
                 ; 0000 0092     OLED_Cmd(0x10 | (x >> 4));         // ???? ????? ????
00011a 81e9      	LDD  R30,Y+1
00011b 95e2      	SWAP R30
00011c 70ef      	ANDI R30,0xF
00011d 61e0      	ORI  R30,0x10
00011e 2fae      	MOV  R26,R30
00011f dfd8      	RCALL _OLED_Cmd
                 ; 0000 0093 
                 ; 0000 0094     I2C_Start();
000120 dfc2      	RCALL _I2C_Start
                 ; 0000 0095     I2C_Write(SSD1306_ADDR << 1);
000121 e7a8      	LDI  R26,LOW(120)
000122 dfcc      	RCALL _I2C_Write
                 ; 0000 0096     I2C_Write(0x40);
000123 e4a0      	LDI  R26,LOW(64)
000124 dfca      	RCALL _I2C_Write
                 ; 0000 0097     I2C_Write(1 << (y % 8));
000125 81e8      	LD   R30,Y
000126 e0f0      	LDI  R31,0
000127 e0a7      	LDI  R26,LOW(7)
000128 e0b0      	LDI  R27,HIGH(7)
000129 940e 0795 	CALL __MANDW12
00012b e0a1      	LDI  R26,LOW(1)
00012c 940e 071a 	CALL __LSLB12
00012e 2fae      	MOV  R26,R30
00012f dfbf      	RCALL _I2C_Write
                 ; 0000 0098     I2C_Stop();
000130 dfb8      	RCALL _I2C_Stop
                 ; 0000 0099 }
                 _0x20A0003:
000131 9622      	ADIW R28,2
000132 9508      	RET
                 ; .FEND
                 ;
                 ;
                 ;
                 ;/* Radar */
                 ;void OLED_Init(void) {
                 ; 0000 009E void OLED_Init(void) {
                 _OLED_Init:
                 ; .FSTART _OLED_Init
                 ; 0000 009F     delay_ms(100);
000133 e6a4      	LDI  R26,LOW(100)
000134 e0b0      	LDI  R27,0
000135 940e 0556 	CALL _delay_ms
                 ; 0000 00A0     OLED_Cmd(0xAE);                // Display OFF (safe to configure)
000137 eaae      	LDI  R26,LOW(174)
000138 dfbf      	RCALL _OLED_Cmd
                 ; 0000 00A1     OLED_Cmd(0xD5); OLED_Cmd(0x80);// Set Display Clock Divide Ratio + Oscillator Frequency
000139 eda5      	LDI  R26,LOW(213)
00013a dfbd      	RCALL _OLED_Cmd
00013b e8a0      	LDI  R26,LOW(128)
00013c dfbb      	RCALL _OLED_Cmd
                 ; 0000 00A2     OLED_Cmd(0xA8); OLED_Cmd(0x3F);// Set Multiplex Ratio (63 for 64 rows)
00013d eaa8      	LDI  R26,LOW(168)
00013e dfb9      	RCALL _OLED_Cmd
00013f e3af      	LDI  R26,LOW(63)
000140 dfb7      	RCALL _OLED_Cmd
                 ; 0000 00A3     OLED_Cmd(0xD3); OLED_Cmd(0x00);// Set Display Offset
000141 eda3      	LDI  R26,LOW(211)
000142 940e 051b 	CALL SUBOPT_0x3
                 ; 0000 00A4     OLED_Cmd(0x40);                // Set Display Start Line = 0
000144 e4a0      	LDI  R26,LOW(64)
000145 dfb2      	RCALL _OLED_Cmd
                 ; 0000 00A5     OLED_Cmd(0x8D); OLED_Cmd(0x14);// Enable Charge Pump
000146 e8ad      	LDI  R26,LOW(141)
000147 dfb0      	RCALL _OLED_Cmd
000148 e1a4      	LDI  R26,LOW(20)
000149 dfae      	RCALL _OLED_Cmd
                 ; 0000 00A6     OLED_Cmd(0x20); OLED_Cmd(0x00);// Memory Addressing Mode = Horizontal
00014a e2a0      	LDI  R26,LOW(32)
00014b 940e 051b 	CALL SUBOPT_0x3
                 ; 0000 00A7     OLED_Cmd(0xA1);                // Segment Re-map mirror horizontally
00014d eaa1      	LDI  R26,LOW(161)
00014e dfa9      	RCALL _OLED_Cmd
                 ; 0000 00A8     OLED_Cmd(0xC8);                // COM Output Scan Direction mirror vertically
00014f eca8      	LDI  R26,LOW(200)
000150 dfa7      	RCALL _OLED_Cmd
                 ; 0000 00A9     OLED_Cmd(0xDA); OLED_Cmd(0x12);// Set COM Pins Hardware Configuration
000151 edaa      	LDI  R26,LOW(218)
000152 dfa5      	RCALL _OLED_Cmd
000153 e1a2      	LDI  R26,LOW(18)
000154 dfa3      	RCALL _OLED_Cmd
                 ; 0000 00AA     OLED_Cmd(0x81); OLED_Cmd(0xCF);// Set Contrast Control
000155 e8a1      	LDI  R26,LOW(129)
000156 dfa1      	RCALL _OLED_Cmd
000157 ecaf      	LDI  R26,LOW(207)
000158 df9f      	RCALL _OLED_Cmd
                 ; 0000 00AB     OLED_Cmd(0xD9); OLED_Cmd(0xF1);// Set Pre-charge Period
000159 eda9      	LDI  R26,LOW(217)
00015a df9d      	RCALL _OLED_Cmd
00015b efa1      	LDI  R26,LOW(241)
00015c df9b      	RCALL _OLED_Cmd
                 ; 0000 00AC     OLED_Cmd(0xDB); OLED_Cmd(0x40);// Set VCOMH Deselect Level
00015d edab      	LDI  R26,LOW(219)
00015e df99      	RCALL _OLED_Cmd
00015f e4a0      	LDI  R26,LOW(64)
000160 df97      	RCALL _OLED_Cmd
                 ; 0000 00AD     OLED_Cmd(0xA4);                // Entire Display ON
000161 eaa4      	LDI  R26,LOW(164)
000162 df95      	RCALL _OLED_Cmd
                 ; 0000 00AE     OLED_Cmd(0xA6);                // Normal display
000163 eaa6      	LDI  R26,LOW(166)
000164 df93      	RCALL _OLED_Cmd
                 ; 0000 00AF     OLED_Cmd(0xAF);                // Display ON
000165 eaaf      	LDI  R26,LOW(175)
000166 df91      	RCALL _OLED_Cmd
                 ; 0000 00B0 }
000167 9508      	RET
                 ; .FEND
                 ;void OLED_Clear(void)
                 ; 0000 00B2 {
                 _OLED_Clear:
                 ; .FSTART _OLED_Clear
                 ; 0000 00B3     unsigned int i;
                 ; 0000 00B4     unsigned char page;
                 ; 0000 00B5 
                 ; 0000 00B6     for(page = 0; page < 8; page++)
000168 940e 07d5 	CALL __SAVELOCR4
                 ;	i -> R16,R17
                 ;	page -> R19
00016a e030      	LDI  R19,LOW(0)
                 _0x1A:
00016b 3038      	CPI  R19,8
00016c f498      	BRSH _0x1B
                 ; 0000 00B7     {
                 ; 0000 00B8         OLED_Cmd(0xB0 + page);
00016d 2fa3      	MOV  R26,R19
00016e 55a0      	SUBI R26,-LOW(176)
00016f 940e 051b 	CALL SUBOPT_0x3
                 ; 0000 00B9         OLED_Cmd(0x00);
                 ; 0000 00BA         OLED_Cmd(0x10);
000171 e1a0      	LDI  R26,LOW(16)
000172 df85      	RCALL _OLED_Cmd
                 ; 0000 00BB 
                 ; 0000 00BC         for(i = 0; i < 128; i++)
                +
000173 e000     +LDI R16 , LOW ( 0 )
000174 e010     +LDI R17 , HIGH ( 0 )
                 	__GETWRN 16,17,0
                 _0x1D:
                +
000175 3800     +CPI R16 , LOW ( 128 )
000176 e0e0     +LDI R30 , HIGH ( 128 )
000177 071e     +CPC R17 , R30
                 	__CPWRN 16,17,128
000178 f428      	BRSH _0x1E
                 ; 0000 00BD             OLED_Data(0x00);
000179 e0a0      	LDI  R26,LOW(0)
00017a df81      	RCALL _OLED_Data
                +
00017b 5f0f     +SUBI R16 , LOW ( - 1 )
00017c 4f1f     +SBCI R17 , HIGH ( - 1 )
                 	__ADDWRN 16,17,1
00017d cff7      	RJMP _0x1D
                 _0x1E:
                 ; 0000 00BE }
00017e 5f3f      	SUBI R19,-1
00017f cfeb      	RJMP _0x1A
                 _0x1B:
                 ; 0000 00BF }
000180 940e 07dc 	CALL __LOADLOCR4
000182 940c 0365 	JMP  _0x20A0002
                 ; .FEND
                 ;void DrawRadarPoint(int distance, int angle) {
                 ; 0000 00C0 void DrawRadarPoint(int distance, int angle) {
                 _DrawRadarPoint:
                 ; .FSTART _DrawRadarPoint
                 ; 0000 00C1     float max_range = 100.0;           // Max sensor range
                 ; 0000 00C2     float scale = 60.0 / max_range;    // Max radius on screen
                 ; 0000 00C3     float rad = angle * 3.14159 / 180.0;
                 ; 0000 00C4     int x = 64 + (int)(distance * scale * cos(rad));
                 ; 0000 00C5     int y = 63 - (int)(distance * scale * sin(rad));
                 ; 0000 00C6 
                 ; 0000 00C7     OLED_Pixel(x, y);
000184 93ba      	ST   -Y,R27
000185 93aa      	ST   -Y,R26
000186 972c      	SBIW R28,12
000187 e0e0      	LDI  R30,LOW(0)
000188 87e8      	STD  Y+8,R30
000189 87e9      	STD  Y+9,R30
00018a ece8      	LDI  R30,LOW(200)
00018b 87ea      	STD  Y+10,R30
00018c e4e2      	LDI  R30,LOW(66)
00018d 87eb      	STD  Y+11,R30
00018e 940e 07d5 	CALL __SAVELOCR4
                 ;	distance -> Y+18
                 ;	angle -> Y+16
                 ;	max_range -> Y+12
                 ;	scale -> Y+8
                 ;	rad -> Y+4
                 ;	x -> R16,R17
                 ;	y -> R18,R19
                +
000190 85ec     +LDD R30 , Y + 12
000191 85fd     +LDD R31 , Y + 12 + 1
000192 856e     +LDD R22 , Y + 12 + 2
000193 857f     +LDD R23 , Y + 12 + 3
                 	__GETD1S 12
                +
000194 e0a0     +LDI R26 , LOW ( 0x42700000 )
000195 e0b0     +LDI R27 , HIGH ( 0x42700000 )
000196 e780     +LDI R24 , BYTE3 ( 0x42700000 )
000197 e492     +LDI R25 , BYTE4 ( 0x42700000 )
                 	__GETD2N 0x42700000
000198 940e 06a4 	CALL __DIVF21
                +
00019a 87e8     +STD Y + 8 , R30
00019b 87f9     +STD Y + 8 + 1 , R31
00019c 876a     +STD Y + 8 + 2 , R22
00019d 877b     +STD Y + 8 + 3 , R23
                 	__PUTD1S 8
00019e 89e8      	LDD  R30,Y+16
00019f 89f9      	LDD  R31,Y+16+1
0001a0 940e 072e 	CALL __CWD1
0001a2 940e 05cc 	CALL __CDF1
                +
0001a4 eda0     +LDI R26 , LOW ( 0x40490FD0 )
0001a5 e0bf     +LDI R27 , HIGH ( 0x40490FD0 )
0001a6 e489     +LDI R24 , BYTE3 ( 0x40490FD0 )
0001a7 e490     +LDI R25 , BYTE4 ( 0x40490FD0 )
                 	__GETD2N 0x40490FD0
0001a8 940e 0656 	CALL __MULF12
0001aa 01df      	MOVW R26,R30
0001ab 01cb      	MOVW R24,R22
                +
0001ac e0e0     +LDI R30 , LOW ( 0x43340000 )
0001ad e0f0     +LDI R31 , HIGH ( 0x43340000 )
0001ae e364     +LDI R22 , BYTE3 ( 0x43340000 )
0001af e473     +LDI R23 , BYTE4 ( 0x43340000 )
                 	__GETD1N 0x43340000
0001b0 940e 06a4 	CALL __DIVF21
                +
0001b2 83ec     +STD Y + 4 , R30
0001b3 83fd     +STD Y + 4 + 1 , R31
0001b4 836e     +STD Y + 4 + 2 , R22
0001b5 837f     +STD Y + 4 + 3 , R23
                 	__PUTD1S 4
0001b6 940e 0520 	CALL SUBOPT_0x4
0001b8 937f      	PUSH R23
0001b9 936f      	PUSH R22
0001ba 93ff      	PUSH R31
0001bb 93ef      	PUSH R30
                +
0001bc 81ac     +LDD R26 , Y + 4
0001bd 81bd     +LDD R27 , Y + 4 + 1
0001be 818e     +LDD R24 , Y + 4 + 2
0001bf 819f     +LDD R25 , Y + 4 + 3
                 	__GETD2S 4
0001c0 940e 035a 	CALL _cos
0001c2 91af      	POP  R26
0001c3 91bf      	POP  R27
0001c4 918f      	POP  R24
0001c5 919f      	POP  R25
0001c6 940e 052d 	CALL SUBOPT_0x5
0001c8 5ce0      	SUBI R30,LOW(-64)
0001c9 4fff      	SBCI R31,HIGH(-64)
0001ca 018f      	MOVW R16,R30
0001cb 940e 0520 	CALL SUBOPT_0x4
0001cd 937f      	PUSH R23
0001ce 936f      	PUSH R22
0001cf 93ff      	PUSH R31
0001d0 93ef      	PUSH R30
                +
0001d1 81ac     +LDD R26 , Y + 4
0001d2 81bd     +LDD R27 , Y + 4 + 1
0001d3 818e     +LDD R24 , Y + 4 + 2
0001d4 819f     +LDD R25 , Y + 4 + 3
                 	__GETD2S 4
0001d5 940e 02ce 	CALL _sin
0001d7 91af      	POP  R26
0001d8 91bf      	POP  R27
0001d9 918f      	POP  R24
0001da 919f      	POP  R25
0001db 940e 052d 	CALL SUBOPT_0x5
0001dd e3af      	LDI  R26,LOW(63)
0001de e0b0      	LDI  R27,HIGH(63)
0001df 940e 07cc 	CALL __SWAPW12
0001e1 1bea      	SUB  R30,R26
0001e2 0bfb      	SBC  R31,R27
0001e3 019f      	MOVW R18,R30
0001e4 930a      	ST   -Y,R16
0001e5 2fa2      	MOV  R26,R18
0001e6 df1e      	RCALL _OLED_Pixel
                 ; 0000 00C8 }
0001e7 940e 07dc 	CALL __LOADLOCR4
0001e9 9664      	ADIW R28,20
0001ea 9508      	RET
                 ; .FEND
                 ;/* Servo */
                 ;void servo_init(void)
                 ; 0000 00CB {
                 _servo_init:
                 ; .FSTART _servo_init
                 ; 0000 00CC     DDRD |= (1<<5);      // OC1A as output
0001eb 9a8d      	SBI  0x11,5
                 ; 0000 00CD 
                 ; 0000 00CE     // Timer1 Fast PWM, Mode 14 (ICR1 TOP)
                 ; 0000 00CF     TCCR1A = (1<<COM1A1) | (1<<WGM11);
0001ec e8e2      	LDI  R30,LOW(130)
0001ed bdef      	OUT  0x2F,R30
                 ; 0000 00D0     TCCR1B = (1<<WGM13) | (1<<WGM12) | (1<<CS11);
0001ee e1ea      	LDI  R30,LOW(26)
0001ef bdee      	OUT  0x2E,R30
                 ; 0000 00D1 
                 ; 0000 00D2     // F_CPU = 8MHz
                 ; 0000 00D3     // Prescaler = 8
                 ; 0000 00D4     // Timer frequency = 1MHz
                 ; 0000 00D5     // 1 count = 1 us
                 ; 0000 00D6 
                 ; 0000 00D7     ICR1H = (20000 >> 8);
0001f0 e4ee      	LDI  R30,LOW(78)
0001f1 bde7      	OUT  0x27,R30
                 ; 0000 00D8     ICR1L = (unsigned char)20000;          // 20 ms period (50 Hz)
0001f2 e2e0      	LDI  R30,LOW(32)
0001f3 bde6      	OUT  0x26,R30
                 ; 0000 00D9 
                 ; 0000 00DA     OCR1A = 1500;          // Start at 90°
0001f4 edec      	LDI  R30,LOW(1500)
0001f5 e0f5      	LDI  R31,HIGH(1500)
0001f6 bdfb      	OUT  0x2A+1,R31
0001f7 bdea      	OUT  0x2A,R30
                 ; 0000 00DB }
0001f8 9508      	RET
                 ; .FEND
                 ;
                 ;// Move Servo to Angle (0-180)
                 ;void servo_write(unsigned char angle)
                 ; 0000 00DF {
                 _servo_write:
                 ; .FSTART _servo_write
                 ; 0000 00E0     unsigned int pulse;
                 ; 0000 00E1 
                 ; 0000 00E2     if(angle > 180)
0001f9 93aa      	ST   -Y,R26
0001fa 931a      	ST   -Y,R17
0001fb 930a      	ST   -Y,R16
                 ;	angle -> Y+2
                 ;	pulse -> R16,R17
0001fc 81aa      	LDD  R26,Y+2
0001fd 3ba5      	CPI  R26,LOW(0xB5)
0001fe f010      	BRLO _0x1F
                 ; 0000 00E3         angle = 180;
0001ff ebe4      	LDI  R30,LOW(180)
000200 83ea      	STD  Y+2,R30
                 ; 0000 00E4 
                 ; 0000 00E5     // Convert angle to pulse width
                 ; 0000 00E6     // 1000 us -> 2000 us
                 ; 0000 00E7     pulse = 1000 + ((unsigned long)angle * 1000) / 180;
                 _0x1F:
000201 81ea      	LDD  R30,Y+2
000202 e0f0      	LDI  R31,0
000203 940e 072e 	CALL __CWD1
                +
000205 eea8     +LDI R26 , LOW ( 0x3E8 )
000206 e0b3     +LDI R27 , HIGH ( 0x3E8 )
000207 e080     +LDI R24 , BYTE3 ( 0x3E8 )
000208 e090     +LDI R25 , BYTE4 ( 0x3E8 )
                 	__GETD2N 0x3E8
000209 940e 0738 	CALL __MULD12U
00020b 01df      	MOVW R26,R30
00020c 01cb      	MOVW R24,R22
                +
00020d ebe4     +LDI R30 , LOW ( 0xB4 )
00020e e0f0     +LDI R31 , HIGH ( 0xB4 )
00020f e060     +LDI R22 , BYTE3 ( 0xB4 )
000210 e070     +LDI R23 , BYTE4 ( 0xB4 )
                 	__GETD1N 0xB4
000211 940e 0770 	CALL __DIVD21U
000213 51e8      	SUBI R30,LOW(-1000)
000214 4ffc      	SBCI R31,HIGH(-1000)
000215 018f      	MOVW R16,R30
                 ; 0000 00E8 
                 ; 0000 00E9     OCR1A = pulse;
                +
000216 bd1b     +OUT 42 + 1 , R17
000217 bd0a     +OUT 42 , R16
                 	__OUTWR 16,17,42
                 ; 0000 00EA }
000218 8119      	LDD  R17,Y+1
000219 8108      	LDD  R16,Y+0
00021a 940c 038e 	JMP  _0x20A0001
                 ; .FEND
                 ;
                 ;
                 ;
                 ;
                 ;void main(void)
                 ; 0000 00F0 {
                 _main:
                 ; .FSTART _main
                 ; 0000 00F1 // Declare your local variables here
                 ; 0000 00F2 unsigned int distance;
                 ; 0000 00F3 int ang = 0;
                 ; 0000 00F4 int direction = 0;
                 ; 0000 00F5 
                 ; 0000 00F6 // Input/Output Ports initialization
                 ; 0000 00F7 // Port A initialization
                 ; 0000 00F8 // Function: Bit7=In Bit6=In Bit5=Out Bit4=In Bit3=In Bit2=In Bit1=Out Bit0=In
                 ; 0000 00F9 DDRA=(0<<DDA7) | (0<<DDA6) | (1<<DDA5) | (0<<DDA4) | (0<<DDA3) | (0<<DDA2) | (1<<DDA1) | (0<<DDA0);
                 ;	distance -> R16,R17
                 ;	ang -> R18,R19
                 ;	direction -> R20,R21
                +
00021c e020     +LDI R18 , LOW ( 0 )
00021d e030     +LDI R19 , HIGH ( 0 )
                 	__GETWRN 18,19,0
                +
00021e e040     +LDI R20 , LOW ( 0 )
00021f e050     +LDI R21 , HIGH ( 0 )
                 	__GETWRN 20,21,0
000220 e2e2      	LDI  R30,LOW(34)
000221 bbea      	OUT  0x1A,R30
                 ; 0000 00FA // State: Bit7=T Bit6=T Bit5=0 Bit4=T Bit3=T Bit2=T Bit1=0 Bit0=T
                 ; 0000 00FB PORTA=(0<<PORTA7) | (0<<PORTA6) | (0<<PORTA5) | (0<<PORTA4) | (0<<PORTA3) | (0<<PORTA2) | (0<<PORTA1) | (0<<PORTA0);
000222 e0e0      	LDI  R30,LOW(0)
000223 bbeb      	OUT  0x1B,R30
                 ; 0000 00FC 
                 ; 0000 00FD // Port B initialization
                 ; 0000 00FE // Function: Bit7=In Bit6=In Bit5=In Bit4=In Bit3=In Bit2=In Bit1=In Bit0=In
                 ; 0000 00FF DDRB=(0<<DDB7) | (0<<DDB6) | (0<<DDB5) | (0<<DDB4) | (0<<DDB3) | (0<<DDB2) | (0<<DDB1) | (0<<DDB0);
000224 bbe7      	OUT  0x17,R30
                 ; 0000 0100 // State: Bit7=T Bit6=T Bit5=T Bit4=T Bit3=T Bit2=T Bit1=T Bit0=T
                 ; 0000 0101 PORTB=(0<<PORTB7) | (0<<PORTB6) | (0<<PORTB5) | (0<<PORTB4) | (0<<PORTB3) | (0<<PORTB2) | (0<<PORTB1) | (0<<PORTB0);
000225 bbe8      	OUT  0x18,R30
                 ; 0000 0102 
                 ; 0000 0103 // Port C initialization
                 ; 0000 0104 // Function: Bit7=In Bit6=In Bit5=In Bit4=In Bit3=In Bit2=In Bit1=In Bit0=In
                 ; 0000 0105 DDRC=(0<<DDC7) | (0<<DDC6) | (0<<DDC5) | (0<<DDC4) | (0<<DDC3) | (0<<DDC2) | (0<<DDC1) | (0<<DDC0);
000226 bbe4      	OUT  0x14,R30
                 ; 0000 0106 // State: Bit7=T Bit6=T Bit5=T Bit4=T Bit3=T Bit2=T Bit1=T Bit0=T
                 ; 0000 0107 PORTC=(0<<PORTC7) | (0<<PORTC6) | (0<<PORTC5) | (0<<PORTC4) | (0<<PORTC3) | (0<<PORTC2) | (0<<PORTC1) | (0<<PORTC0);
000227 bbe5      	OUT  0x15,R30
                 ; 0000 0108 
                 ; 0000 0109 // Port D initialization
                 ; 0000 010A // Function: Bit7=In Bit6=In Bit5=Out Bit4=In Bit3=In Bit2=In Bit1=In Bit0=In
                 ; 0000 010B DDRD=(0<<DDD7) | (0<<DDD6) | (1<<DDD5) | (0<<DDD4) | (0<<DDD3) | (0<<DDD2) | (1<<DDD1) | (0<<DDD0);
000228 e2e2      	LDI  R30,LOW(34)
000229 bbe1      	OUT  0x11,R30
                 ; 0000 010C // State: Bit7=T Bit6=T Bit5=0 Bit4=T Bit3=T Bit2=T Bit1=T Bit0=T
                 ; 0000 010D PORTD=(0<<PORTD7) | (0<<PORTD6) | (0<<PORTD5) | (0<<PORTD4) | (0<<PORTD3) | (0<<PORTD2) | (0<<PORTD1) | (0<<PORTD0);
00022a e0e0      	LDI  R30,LOW(0)
00022b bbe2      	OUT  0x12,R30
                 ; 0000 010E 
                 ; 0000 010F // Timer/Counter 0 initialization
                 ; 0000 0110 // Clock source: System Clock
                 ; 0000 0111 // Clock value: 1000/000 kHz
                 ; 0000 0112 // Mode: Normal top=0xFF
                 ; 0000 0113 // OC0 output: Disconnected
                 ; 0000 0114 // Timer Period: 0/256 ms
                 ; 0000 0115 TCCR0 = 0x00;   // Stopped
00022c bfe3      	OUT  0x33,R30
                 ; 0000 0116 TCNT0=0x00;
00022d bfe2      	OUT  0x32,R30
                 ; 0000 0117 OCR0=0x00;
00022e bfec      	OUT  0x3C,R30
                 ; 0000 0118 
                 ; 0000 0119 // Timer/Counter 1 initialization
                 ; 0000 011A // Clock source: System Clock
                 ; 0000 011B // Clock value: 1000/000 kHz
                 ; 0000 011C // Mode: Fast PWM top=ICR1
                 ; 0000 011D // OC1A output: Non-Inverted PWM
                 ; 0000 011E // OC1B output: Disconnected
                 ; 0000 011F // Noise Canceler: Off
                 ; 0000 0120 // Input Capture on Falling Edge
                 ; 0000 0121 // Timer Period: 1 us
                 ; 0000 0122 // Output Pulse(s):
                 ; 0000 0123 // OC1A Period: 1 us
                 ; 0000 0124 // Timer1 Overflow Interrupt: Off
                 ; 0000 0125 // Input Capture Interrupt: Off
                 ; 0000 0126 // Compare A Match Interrupt: Off
                 ; 0000 0127 // Compare B Match Interrupt: Off
                 ; 0000 0128 TCCR1A=(1<<COM1A1) | (0<<COM1A0) | (0<<COM1B1) | (0<<COM1B0) | (1<<WGM11) | (0<<WGM10);
00022f e8e2      	LDI  R30,LOW(130)
000230 bdef      	OUT  0x2F,R30
                 ; 0000 0129 TCCR1B=(0<<ICNC1) | (0<<ICES1) | (1<<WGM13) | (1<<WGM12) | (0<<CS12) | (1<<CS11) | (0<<CS10);
000231 e1ea      	LDI  R30,LOW(26)
000232 bdee      	OUT  0x2E,R30
                 ; 0000 012A TCNT1H=0x00;
000233 e0e0      	LDI  R30,LOW(0)
000234 bded      	OUT  0x2D,R30
                 ; 0000 012B TCNT1L=0x00;
000235 bdec      	OUT  0x2C,R30
                 ; 0000 012C ICR1H=0x00;
000236 bde7      	OUT  0x27,R30
                 ; 0000 012D ICR1L=0x00;
000237 bde6      	OUT  0x26,R30
                 ; 0000 012E OCR1AH=0x00;
000238 bdeb      	OUT  0x2B,R30
                 ; 0000 012F OCR1AL=0x00;
000239 bdea      	OUT  0x2A,R30
                 ; 0000 0130 OCR1BH=0x00;
00023a bde9      	OUT  0x29,R30
                 ; 0000 0131 OCR1BL=0x00;
00023b bde8      	OUT  0x28,R30
                 ; 0000 0132 
                 ; 0000 0133 // Timer/Counter 2 initialization
                 ; 0000 0134 // Clock source: System Clock
                 ; 0000 0135 // Clock value: Timer2 Stopped
                 ; 0000 0136 // Mode: Normal top=0xFF
                 ; 0000 0137 // OC2 output: Disconnected
                 ; 0000 0138 ASSR=0<<AS2;
00023c bde2      	OUT  0x22,R30
                 ; 0000 0139 TCCR2=(0<<PWM2) | (0<<COM21) | (0<<COM20) | (0<<CTC2) | (0<<CS22) | (0<<CS21) | (0<<CS20);
00023d bde5      	OUT  0x25,R30
                 ; 0000 013A TCNT2=0x00;
00023e bde4      	OUT  0x24,R30
                 ; 0000 013B OCR2=0x00;
00023f bde3      	OUT  0x23,R30
                 ; 0000 013C 
                 ; 0000 013D // Timer(s)/Counter(s) Interrupt(s) initialization
                 ; 0000 013E TIMSK=(0<<OCIE2) | (0<<TOIE2) | (0<<TICIE1) | (0<<OCIE1A) | (0<<OCIE1B) | (0<<TOIE1) | (0<<OCIE0) | (1<<TOIE0);
000240 e0e1      	LDI  R30,LOW(1)
000241 bfe9      	OUT  0x39,R30
                 ; 0000 013F 
                 ; 0000 0140 // External Interrupt(s) initialization
                 ; 0000 0141 // INT0: On
                 ; 0000 0142 // INT0 Mode: Any change
                 ; 0000 0143 // INT1: Off
                 ; 0000 0144 // INT2: Off
                 ; 0000 0145 GICR|=(0<<INT1) | (1<<INT0) | (0<<INT2);
000242 b7eb      	IN   R30,0x3B
000243 64e0      	ORI  R30,0x40
000244 bfeb      	OUT  0x3B,R30
                 ; 0000 0146 MCUCR=(0<<ISC11) | (0<<ISC10) | (1<<ISC01) | (1<<ISC00);
000245 e0e3      	LDI  R30,LOW(3)
000246 bfe5      	OUT  0x35,R30
                 ; 0000 0147 MCUCSR=(0<<ISC2);
000247 e0e0      	LDI  R30,LOW(0)
000248 bfe4      	OUT  0x34,R30
                 ; 0000 0148 GIFR=(0<<INTF1) | (1<<INTF0) | (0<<INTF2);
000249 e4e0      	LDI  R30,LOW(64)
00024a bfea      	OUT  0x3A,R30
                 ; 0000 0149 
                 ; 0000 014A // USART initialization
                 ; 0000 014B // USART disabled
                 ; 0000 014C UCSRB=(0<<RXCIE) | (0<<TXCIE) | (0<<UDRIE) | (0<<RXEN) | (0<<TXEN) | (0<<UCSZ2) | (0<<RXB8) | (0<<TXB8);
00024b e0e0      	LDI  R30,LOW(0)
00024c b9ea      	OUT  0xA,R30
                 ; 0000 014D 
                 ; 0000 014E // Analog Comparator initialization
                 ; 0000 014F // Analog Comparator: Off
                 ; 0000 0150 // The Analog Comparator's positive input is
                 ; 0000 0151 // connected to the AIN0 pin
                 ; 0000 0152 // The Analog Comparator's negative input is
                 ; 0000 0153 // connected to the AIN1 pin
                 ; 0000 0154 ACSR=(1<<ACD) | (0<<ACBG) | (0<<ACO) | (0<<ACI) | (0<<ACIE) | (0<<ACIC) | (0<<ACIS1) | (0<<ACIS0);
00024d e8e0      	LDI  R30,LOW(128)
00024e b9e8      	OUT  0x8,R30
                 ; 0000 0155 SFIOR=(0<<ACME);
00024f e0e0      	LDI  R30,LOW(0)
000250 bfe0      	OUT  0x30,R30
                 ; 0000 0156 
                 ; 0000 0157 // ADC initialization
                 ; 0000 0158 // ADC disabled
                 ; 0000 0159 ADCSRA=(0<<ADEN) | (0<<ADSC) | (0<<ADATE) | (0<<ADIF) | (0<<ADIE) | (0<<ADPS2) | (0<<ADPS1) | (0<<ADPS0);
000251 b9e6      	OUT  0x6,R30
                 ; 0000 015A 
                 ; 0000 015B // SPI initialization
                 ; 0000 015C // SPI disabled
                 ; 0000 015D SPCR=(0<<SPIE) | (0<<SPE) | (0<<DORD) | (0<<MSTR) | (0<<CPOL) | (0<<CPHA) | (0<<SPR1) | (0<<SPR0);
000252 b9ed      	OUT  0xD,R30
                 ; 0000 015E 
                 ; 0000 015F // TWI initialization
                 ; 0000 0160 // Mode: TWI Master
                 ; 0000 0161 // Bit Rate: 400 kHz
                 ; 0000 0162 twi_master_init(400);
000253 e9a0      	LDI  R26,LOW(400)
000254 e0b1      	LDI  R27,HIGH(400)
000255 940e 0367 	CALL _twi_master_init
                 ; 0000 0163 
                 ; 0000 0164 I2C_Init();
000257 de84      	RCALL _I2C_Init
                 ; 0000 0165 OLED_Init();
000258 deda      	RCALL _OLED_Init
                 ; 0000 0166 OLED_Clear();
000259 df0e      	RCALL _OLED_Clear
                 ; 0000 0167 servo_init();
00025a df90      	RCALL _servo_init
                 ; 0000 0168 
                 ; 0000 0169 // Global enable interrupts
                 ; 0000 016A #asm("sei")
00025b 9478      	sei
                 ; 0000 016B 
                 ; 0000 016C while (1)
                 _0x20:
                 ; 0000 016D       {
                 ; 0000 016E       // Place your code here
                 ; 0000 016F 
                 ; 0000 0170       if(direction == 0)
00025c 2e04      	MOV  R0,R20
00025d 2a05      	OR   R0,R21
00025e f419      	BRNE _0x23
                 ; 0000 0171       ang ++;
                +
00025f 5f2f     +SUBI R18 , LOW ( - 1 )
000260 4f3f     +SBCI R19 , HIGH ( - 1 )
                 	__ADDWRN 18,19,1
                 ; 0000 0172       else if(direction == 1)
000261 c007      	RJMP _0x24
                 _0x23:
000262 e0e1      	LDI  R30,LOW(1)
000263 e0f0      	LDI  R31,HIGH(1)
000264 17e4      	CP   R30,R20
000265 07f5      	CPC  R31,R21
000266 f411      	BRNE _0x25
                 ; 0000 0173       ang --;
                +
000267 5021     +SUBI R18 , LOW ( 1 )
000268 4030     +SBCI R19 , HIGH ( 1 )
                 	__SUBWRN 18,19,1
                 ; 0000 0174       if(ang == 180)
                 _0x25:
                 _0x24:
000269 ebe4      	LDI  R30,LOW(180)
00026a e0f0      	LDI  R31,HIGH(180)
00026b 17e2      	CP   R30,R18
00026c 07f3      	CPC  R31,R19
00026d f419      	BRNE _0x26
                 ; 0000 0175       direction = 1;
                +
00026e e041     +LDI R20 , LOW ( 1 )
00026f e050     +LDI R21 , HIGH ( 1 )
                 	__GETWRN 20,21,1
                 ; 0000 0176       else if(ang == 0)
000270 c005      	RJMP _0x27
                 _0x26:
000271 2e02      	MOV  R0,R18
000272 2a03      	OR   R0,R19
000273 f411      	BRNE _0x28
                 ; 0000 0177       direction = 0;
                +
000274 e040     +LDI R20 , LOW ( 0 )
000275 e050     +LDI R21 , HIGH ( 0 )
                 	__GETWRN 20,21,0
                 ; 0000 0178 
                 ; 0000 0179       servo_write(ang);
                 _0x28:
                 _0x27:
000276 2fa2      	MOV  R26,R18
000277 df81      	RCALL _servo_write
                 ; 0000 017A       delay_ms(10);
000278 e0aa      	LDI  R26,LOW(10)
000279 e0b0      	LDI  R27,0
00027a 940e 0556 	CALL _delay_ms
                 ; 0000 017B 
                 ; 0000 017C       OLED_Clear();
00027c deeb      	RCALL _OLED_Clear
                 ; 0000 017D 
                 ; 0000 017E distance = get_distance();
00027d de29      	RCALL _get_distance
00027e 018f      	MOVW R16,R30
                 ; 0000 017F 
                 ; 0000 0180 DrawRadarPoint(distance, ang);
00027f 931a      	ST   -Y,R17
000280 930a      	ST   -Y,R16
000281 01d9      	MOVW R26,R18
000282 df01      	RCALL _DrawRadarPoint
                 ; 0000 0181 
                 ; 0000 0182 delay_ms(50);
000283 e3a2      	LDI  R26,LOW(50)
000284 e0b0      	LDI  R27,0
000285 940e 0556 	CALL _delay_ms
                 ; 0000 0183 
                 ; 0000 0184       }
000287 cfd4      	RJMP _0x20
                 ; 0000 0185 }
                 _0x29:
000288 cfff      	RJMP _0x29
                 ; .FEND
                 
                 	.CSEG
                 _ftrunc:
                 ; .FSTART _ftrunc
000289 940e 07bc 	CALL __PUTPARD2
00028b 817b         ldd  r23,y+3
00028c 816a         ldd  r22,y+2
00028d 81f9         ldd  r31,y+1
00028e 81e8         ld   r30,y
00028f fb77         bst  r23,7
000290 0f77         lsl  r23
000291 fd67         sbrc r22,7
000292 6071         sbr  r23,1
000293 2f97         mov  r25,r23
000294 579e         subi r25,0x7e
000295 f081         breq __ftrunc0
000296 f078         brcs __ftrunc0
000297 3198         cpi  r25,24
000298 f490         brsh __ftrunc1
000299 27aa         clr  r26
00029a 27bb         clr  r27
00029b 2788         clr  r24
                 __ftrunc2:
00029c 9408         sec
00029d 9587         ror  r24
00029e 95b7         ror  r27
00029f 95a7         ror  r26
0002a0 959a         dec  r25
0002a1 f7d1         brne __ftrunc2
0002a2 23ea         and  r30,r26
0002a3 23fb         and  r31,r27
0002a4 2368         and  r22,r24
0002a5 c005         rjmp __ftrunc1
                 __ftrunc0:
0002a6 94e8         clt
0002a7 2777         clr  r23
0002a8 27ee         clr  r30
0002a9 27ff         clr  r31
0002aa 2766         clr  r22
                 __ftrunc1:
0002ab 776f         cbr  r22,0x80
0002ac 9576         lsr  r23
0002ad f408         brcc __ftrunc3
0002ae 6860         sbr  r22,0x80
                 __ftrunc3:
0002af f977         bld  r23,7
0002b0 91a9         ld   r26,y+
0002b1 91b9         ld   r27,y+
0002b2 9189         ld   r24,y+
0002b3 9199         ld   r25,y+
0002b4 17ea         cp   r30,r26
0002b5 07fb         cpc  r31,r27
0002b6 0768         cpc  r22,r24
0002b7 0779         cpc  r23,r25
0002b8 fb97         bst  r25,7
0002b9 9508         ret
                 ; .FEND
                 _floor:
                 ; .FSTART _floor
0002ba 940e 0534 	CALL SUBOPT_0x6
0002bc 940e 0289 	CALL _ftrunc
0002be 940e 07b7 	CALL __PUTD1S0
0002c0 f419          brne __floor1
                 __floor0:
0002c1 940e 07ad 	CALL __GETD1S0
0002c3 c0a1      	RJMP _0x20A0002
                 __floor1:
0002c4 f7e6          brtc __floor0
0002c5 940e 07ad 	CALL __GETD1S0
                +
0002c7 e0a0     +LDI R26 , LOW ( 0x3F800000 )
0002c8 e0b0     +LDI R27 , HIGH ( 0x3F800000 )
0002c9 e880     +LDI R24 , BYTE3 ( 0x3F800000 )
0002ca e39f     +LDI R25 , BYTE4 ( 0x3F800000 )
                 	__GETD2N 0x3F800000
0002cb 940e 05ff 	CALL __SUBF12
0002cd c097      	RJMP _0x20A0002
                 ; .FEND
                 _sin:
                 ; .FSTART _sin
0002ce 940e 07bc 	CALL __PUTPARD2
0002d0 9724      	SBIW R28,4
0002d1 931a      	ST   -Y,R17
0002d2 e010      	LDI  R17,0
0002d3 940e 0539 	CALL SUBOPT_0x7
                +
0002d5 e8e3     +LDI R30 , LOW ( 0x3E22F983 )
0002d6 eff9     +LDI R31 , HIGH ( 0x3E22F983 )
0002d7 e262     +LDI R22 , BYTE3 ( 0x3E22F983 )
0002d8 e37e     +LDI R23 , BYTE4 ( 0x3E22F983 )
                 	__GETD1N 0x3E22F983
0002d9 940e 0656 	CALL __MULF12
0002db 940e 053e 	CALL SUBOPT_0x8
0002dd dfdc      	RCALL _floor
0002de 940e 0539 	CALL SUBOPT_0x7
0002e0 940e 07c6 	CALL __SWAPD12
0002e2 940e 05ff 	CALL __SUBF12
0002e4 940e 053e 	CALL SUBOPT_0x8
                +
0002e6 e0e0     +LDI R30 , LOW ( 0x3F000000 )
0002e7 e0f0     +LDI R31 , HIGH ( 0x3F000000 )
0002e8 e060     +LDI R22 , BYTE3 ( 0x3F000000 )
0002e9 e37f     +LDI R23 , BYTE4 ( 0x3F000000 )
                 	__GETD1N 0x3F000000
0002ea 940e 06e9 	CALL __CMPF12
0002ec f009      	BREQ PC+2
0002ed f408      	BRCC PC+2
0002ee c009      	RJMP _0x2000017
0002ef 940e 0543 	CALL SUBOPT_0x9
                +
0002f1 e0a0     +LDI R26 , LOW ( 0x3F000000 )
0002f2 e0b0     +LDI R27 , HIGH ( 0x3F000000 )
0002f3 e080     +LDI R24 , BYTE3 ( 0x3F000000 )
0002f4 e39f     +LDI R25 , BYTE4 ( 0x3F000000 )
                 	__GETD2N 0x3F000000
0002f5 940e 0548 	CALL SUBOPT_0xA
0002f7 e011      	LDI  R17,LOW(1)
                 _0x2000017:
0002f8 940e 0539 	CALL SUBOPT_0x7
                +
0002fa e0e0     +LDI R30 , LOW ( 0x3E800000 )
0002fb e0f0     +LDI R31 , HIGH ( 0x3E800000 )
0002fc e860     +LDI R22 , BYTE3 ( 0x3E800000 )
0002fd e37e     +LDI R23 , BYTE4 ( 0x3E800000 )
                 	__GETD1N 0x3E800000
0002fe 940e 06e9 	CALL __CMPF12
000300 f009      	BREQ PC+2
000301 f408      	BRCC PC+2
000302 c008      	RJMP _0x2000018
000303 940e 0539 	CALL SUBOPT_0x7
                +
000305 e0e0     +LDI R30 , LOW ( 0x3F000000 )
000306 e0f0     +LDI R31 , HIGH ( 0x3F000000 )
000307 e060     +LDI R22 , BYTE3 ( 0x3F000000 )
000308 e37f     +LDI R23 , BYTE4 ( 0x3F000000 )
                 	__GETD1N 0x3F000000
000309 940e 0548 	CALL SUBOPT_0xA
                 _0x2000018:
00030b 3010      	CPI  R17,0
00030c f041      	BREQ _0x2000019
00030d 940e 0543 	CALL SUBOPT_0x9
00030f 940e 0560 	CALL __ANEGF1
                +
000311 83ed     +STD Y + 5 , R30
000312 83fe     +STD Y + 5 + 1 , R31
000313 836f     +STD Y + 5 + 2 , R22
000314 8778     +STD Y + 5 + 3 , R23
                 	__PUTD1S 5
                 _0x2000019:
000315 940e 0543 	CALL SUBOPT_0x9
000317 940e 0539 	CALL SUBOPT_0x7
000319 940e 0656 	CALL __MULF12
                +
00031b 83e9     +STD Y + 1 , R30
00031c 83fa     +STD Y + 1 + 1 , R31
00031d 836b     +STD Y + 1 + 2 , R22
00031e 837c     +STD Y + 1 + 3 , R23
                 	__PUTD1S 1
                +
00031f eba1     +LDI R26 , LOW ( 0x4226C4B1 )
000320 ecb4     +LDI R27 , HIGH ( 0x4226C4B1 )
000321 e286     +LDI R24 , BYTE3 ( 0x4226C4B1 )
000322 e492     +LDI R25 , BYTE4 ( 0x4226C4B1 )
                 	__GETD2N 0x4226C4B1
000323 940e 0656 	CALL __MULF12
000325 01df      	MOVW R26,R30
000326 01cb      	MOVW R24,R22
                +
000327 e1ed     +LDI R30 , LOW ( 0x422DE51D )
000328 eef5     +LDI R31 , HIGH ( 0x422DE51D )
000329 e26d     +LDI R22 , BYTE3 ( 0x422DE51D )
00032a e472     +LDI R23 , BYTE4 ( 0x422DE51D )
                 	__GETD1N 0x422DE51D
00032b 940e 07c6 	CALL __SWAPD12
00032d 940e 05ff 	CALL __SUBF12
00032f 940e 054f 	CALL SUBOPT_0xB
                +
000331 e4ac     +LDI R26 , LOW ( 0x4104534C )
000332 e5b3     +LDI R27 , HIGH ( 0x4104534C )
000333 e084     +LDI R24 , BYTE3 ( 0x4104534C )
000334 e491     +LDI R25 , BYTE4 ( 0x4104534C )
                 	__GETD2N 0x4104534C
000335 940e 0606 	CALL __ADDF12
000337 940e 0539 	CALL SUBOPT_0x7
000339 940e 0656 	CALL __MULF12
00033b 937f      	PUSH R23
00033c 936f      	PUSH R22
00033d 93ff      	PUSH R31
00033e 93ef      	PUSH R30
                +
00033f 81e9     +LDD R30 , Y + 1
000340 81fa     +LDD R31 , Y + 1 + 1
000341 816b     +LDD R22 , Y + 1 + 2
000342 817c     +LDD R23 , Y + 1 + 3
                 	__GETD1S 1
                +
000343 e1a1     +LDI R26 , LOW ( 0x3FDEED11 )
000344 eebd     +LDI R27 , HIGH ( 0x3FDEED11 )
000345 ed8e     +LDI R24 , BYTE3 ( 0x3FDEED11 )
000346 e39f     +LDI R25 , BYTE4 ( 0x3FDEED11 )
                 	__GETD2N 0x3FDEED11
000347 940e 0606 	CALL __ADDF12
000349 940e 054f 	CALL SUBOPT_0xB
                +
00034b e5ae     +LDI R26 , LOW ( 0x3FA87B5E )
00034c e7bb     +LDI R27 , HIGH ( 0x3FA87B5E )
00034d ea88     +LDI R24 , BYTE3 ( 0x3FA87B5E )
00034e e39f     +LDI R25 , BYTE4 ( 0x3FA87B5E )
                 	__GETD2N 0x3FA87B5E
00034f 940e 0606 	CALL __ADDF12
000351 91af      	POP  R26
000352 91bf      	POP  R27
000353 918f      	POP  R24
000354 919f      	POP  R25
000355 940e 06a4 	CALL __DIVF21
000357 8118      	LDD  R17,Y+0
000358 9629      	ADIW R28,9
000359 9508      	RET
                 ; .FEND
                 _cos:
                 ; .FSTART _cos
00035a 940e 0534 	CALL SUBOPT_0x6
                +
00035c edeb     +LDI R30 , LOW ( 0x3FC90FDB )
00035d e0ff     +LDI R31 , HIGH ( 0x3FC90FDB )
00035e ec69     +LDI R22 , BYTE3 ( 0x3FC90FDB )
00035f e37f     +LDI R23 , BYTE4 ( 0x3FC90FDB )
                 	__GETD1N 0x3FC90FDB
000360 940e 05ff 	CALL __SUBF12
000362 01df      	MOVW R26,R30
000363 01cb      	MOVW R24,R22
000364 df69      	RCALL _sin
                 _0x20A0002:
000365 9624      	ADIW R28,4
000366 9508      	RET
                 ; .FEND
                 	#ifndef __SLEEP_DEFINED__
                 	#endif
                 
                 	.DSEG
                 
                 	.CSEG
                 _twi_master_init:
                 ; .FSTART _twi_master_init
000367 93ba      	ST   -Y,R27
000368 93aa      	ST   -Y,R26
000369 931a      	ST   -Y,R17
00036a 9468      	SET
00036b f822      	BLD  R2,2
00036c e0e7      	LDI  R30,LOW(7)
00036d 93e0 0162 	STS  _twi_result,R30
00036f e0e0      	LDI  R30,LOW(0)
000370 93e0 016f 	STS  _twi_slave_rx_handler_G101,R30
000372 93e0 0170 	STS  _twi_slave_rx_handler_G101+1,R30
000374 93e0 0171 	STS  _twi_slave_tx_handler_G101,R30
000376 93e0 0172 	STS  _twi_slave_tx_handler_G101+1,R30
000378 9aa9      	SBI  0x15,1
000379 9aa8      	SBI  0x15,0
00037a bfe6      	OUT  0x36,R30
00037b b1e1      	IN   R30,0x1
00037c 7fec      	ANDI R30,LOW(0xFC)
00037d b9e1      	OUT  0x1,R30
00037e 81e9      	LDD  R30,Y+1
00037f 81fa      	LDD  R31,Y+1+1
000380 eaa0      	LDI  R26,LOW(4000)
000381 e0bf      	LDI  R27,HIGH(4000)
000382 940e 0758 	CALL __DIVW21U
000384 2f1e      	MOV  R17,R30
000385 3018      	CPI  R17,8
000386 f008      	BRLO _0x2020004
000387 5018      	SUBI R17,LOW(8)
                 _0x2020004:
000388 b910      	OUT  0x0,R17
000389 b7e6      	IN   R30,0x36
00038a 78e0      	ANDI R30,LOW(0x80)
00038b 64e5      	ORI  R30,LOW(0x45)
00038c bfe6      	OUT  0x36,R30
00038d 8118      	LDD  R17,Y+0
                 _0x20A0001:
00038e 9623      	ADIW R28,3
00038f 9508      	RET
                 ; .FEND
                 _twi_int_handler:
                 ; .FSTART _twi_int_handler
000390 920a      	ST   -Y,R0
000391 921a      	ST   -Y,R1
000392 92fa      	ST   -Y,R15
000393 936a      	ST   -Y,R22
000394 937a      	ST   -Y,R23
000395 938a      	ST   -Y,R24
000396 939a      	ST   -Y,R25
000397 93aa      	ST   -Y,R26
000398 93ba      	ST   -Y,R27
000399 93ea      	ST   -Y,R30
00039a 93fa      	ST   -Y,R31
00039b b7ef      	IN   R30,SREG
00039c 93ea      	ST   -Y,R30
00039d 940e 07d3 	CALL __SAVELOCR6
00039f 9110 0161 	LDS  R17,_twi_rx_index
0003a1 9100 0160 	LDS  R16,_twi_tx_index
0003a3 9130 016a 	LDS  R19,_bytes_to_tx_G101
0003a5 9120 0162 	LDS  R18,_twi_result
0003a7 2fe1      	MOV  R30,R17
0003a8 91a0 016b 	LDS  R26,_twi_rx_buffer_G101
0003aa 91b0 016c 	LDS  R27,_twi_rx_buffer_G101+1
0003ac e0f0      	LDI  R31,0
0003ad 0fea      	ADD  R30,R26
0003ae 1ffb      	ADC  R31,R27
0003af 01af      	MOVW R20,R30
0003b0 b1e1      	IN   R30,0x1
0003b1 7fe8      	ANDI R30,LOW(0xF8)
0003b2 30e8      	CPI  R30,LOW(0x8)
0003b3 f411      	BRNE _0x2020017
0003b4 e020      	LDI  R18,LOW(0)
0003b5 c002      	RJMP _0x2020018
                 _0x2020017:
0003b6 31e0      	CPI  R30,LOW(0x10)
0003b7 f419      	BRNE _0x2020019
                 _0x2020018:
0003b8 91e0 0167 	LDS  R30,_slave_address_G101
0003ba c010      	RJMP _0x2020067
                 _0x2020019:
0003bb 31e8      	CPI  R30,LOW(0x18)
0003bc f011      	BREQ _0x202001D
0003bd 32e8      	CPI  R30,LOW(0x28)
0003be f521      	BRNE _0x202001E
                 _0x202001D:
0003bf 1703      	CP   R16,R19
0003c0 f480      	BRSH _0x202001F
0003c1 2fe0      	MOV  R30,R16
0003c2 5f0f      	SUBI R16,-1
0003c3 91a0 0168 	LDS  R26,_twi_tx_buffer_G101
0003c5 91b0 0169 	LDS  R27,_twi_tx_buffer_G101+1
0003c7 e0f0      	LDI  R31,0
0003c8 0fae      	ADD  R26,R30
0003c9 1fbf      	ADC  R27,R31
0003ca 91ec      	LD   R30,X
                 _0x2020067:
0003cb b9e3      	OUT  0x3,R30
0003cc b7e6      	IN   R30,0x36
0003cd 70ef      	ANDI R30,LOW(0xF)
0003ce 68e0      	ORI  R30,0x80
0003cf bfe6      	OUT  0x36,R30
0003d0 c011      	RJMP _0x2020020
                 _0x202001F:
0003d1 91e0 016d 	LDS  R30,_bytes_to_rx_G101
0003d3 171e      	CP   R17,R30
0003d4 f460      	BRSH _0x2020021
0003d5 91e0 0167 	LDS  R30,_slave_address_G101
0003d7 60e1      	ORI  R30,1
0003d8 93e0 0167 	STS  _slave_address_G101,R30
0003da 94e8      	CLT
0003db f821      	BLD  R2,1
0003dc b7e6      	IN   R30,0x36
0003dd 70ef      	ANDI R30,LOW(0xF)
0003de 6ae0      	ORI  R30,LOW(0xA0)
0003df bfe6      	OUT  0x36,R30
0003e0 c0fb      	RJMP _0x2020016
                 _0x2020021:
0003e1 c033      	RJMP _0x2020022
                 _0x2020020:
0003e2 c0f9      	RJMP _0x2020016
                 _0x202001E:
0003e3 35e0      	CPI  R30,LOW(0x50)
0003e4 f429      	BRNE _0x2020023
0003e5 b1e3      	IN   R30,0x3
0003e6 01da      	MOVW R26,R20
0003e7 93ec      	ST   X,R30
0003e8 5f1f      	SUBI R17,-LOW(1)
0003e9 c002      	RJMP _0x2020024
                 _0x2020023:
0003ea 34e0      	CPI  R30,LOW(0x40)
0003eb f471      	BRNE _0x2020025
                 _0x2020024:
0003ec 91e0 016d 	LDS  R30,_bytes_to_rx_G101
0003ee 50e1      	SUBI R30,LOW(1)
0003ef 171e      	CP   R17,R30
0003f0 f020      	BRLO _0x2020026
0003f1 b7e6      	IN   R30,0x36
0003f2 70ef      	ANDI R30,LOW(0xF)
0003f3 68e0      	ORI  R30,0x80
0003f4 c003      	RJMP _0x2020068
                 _0x2020026:
0003f5 b7e6      	IN   R30,0x36
0003f6 70ef      	ANDI R30,LOW(0xF)
0003f7 6ce0      	ORI  R30,LOW(0xC0)
                 _0x2020068:
0003f8 bfe6      	OUT  0x36,R30
0003f9 c0e2      	RJMP _0x2020016
                 _0x2020025:
0003fa 35e8      	CPI  R30,LOW(0x58)
0003fb f429      	BRNE _0x2020028
0003fc b1e3      	IN   R30,0x3
0003fd 01da      	MOVW R26,R20
0003fe 93ec      	ST   X,R30
0003ff 5f1f      	SUBI R17,-LOW(1)
000400 c002      	RJMP _0x2020029
                 _0x2020028:
000401 32e0      	CPI  R30,LOW(0x20)
000402 f409      	BRNE _0x202002A
                 _0x2020029:
000403 c002      	RJMP _0x202002B
                 _0x202002A:
000404 33e0      	CPI  R30,LOW(0x30)
000405 f409      	BRNE _0x202002C
                 _0x202002B:
000406 c002      	RJMP _0x202002D
                 _0x202002C:
000407 34e8      	CPI  R30,LOW(0x48)
000408 f469      	BRNE _0x202002E
                 _0x202002D:
000409 3020      	CPI  R18,0
00040a f451      	BRNE _0x202002F
00040b fe21      	SBRS R2,1
00040c c003      	RJMP _0x2020030
00040d 1703      	CP   R16,R19
00040e f028      	BRLO _0x2020032
00040f c005      	RJMP _0x2020033
                 _0x2020030:
000410 91e0 016d 	LDS  R30,_bytes_to_rx_G101
000412 171e      	CP   R17,R30
000413 f408      	BRSH _0x2020034
                 _0x2020032:
000414 e024      	LDI  R18,LOW(4)
                 _0x2020034:
                 _0x2020033:
                 _0x202002F:
                 _0x2020022:
000415 c0c0      	RJMP _0x2020069
                 _0x202002E:
000416 33e8      	CPI  R30,LOW(0x38)
000417 f429      	BRNE _0x2020037
000418 e022      	LDI  R18,LOW(2)
000419 b7e6      	IN   R30,0x36
00041a 70ef      	ANDI R30,LOW(0xF)
00041b 68e0      	ORI  R30,0x80
00041c c0bc      	RJMP _0x202006A
                 _0x2020037:
00041d 36e8      	CPI  R30,LOW(0x68)
00041e f011      	BREQ _0x202003A
00041f 37e8      	CPI  R30,LOW(0x78)
000420 f411      	BRNE _0x202003B
                 _0x202003A:
000421 e022      	LDI  R18,LOW(2)
000422 c005      	RJMP _0x202003C
                 _0x202003B:
000423 36e0      	CPI  R30,LOW(0x60)
000424 f011      	BREQ _0x202003F
000425 37e0      	CPI  R30,LOW(0x70)
000426 f491      	BRNE _0x2020040
                 _0x202003F:
000427 e020      	LDI  R18,LOW(0)
                 _0x202003C:
000428 e010      	LDI  R17,LOW(0)
000429 94e8      	CLT
00042a f821      	BLD  R2,1
00042b 91e0 016e 	LDS  R30,_twi_rx_buffer_size_G101
00042d 30e0      	CPI  R30,0
00042e f429      	BRNE _0x2020041
00042f e021      	LDI  R18,LOW(1)
000430 b7e6      	IN   R30,0x36
000431 70ef      	ANDI R30,LOW(0xF)
000432 68e0      	ORI  R30,0x80
000433 c003      	RJMP _0x202006B
                 _0x2020041:
000434 b7e6      	IN   R30,0x36
000435 70ef      	ANDI R30,LOW(0xF)
000436 6ce0      	ORI  R30,LOW(0xC0)
                 _0x202006B:
000437 bfe6      	OUT  0x36,R30
000438 c0a3      	RJMP _0x2020016
                 _0x2020040:
000439 38e0      	CPI  R30,LOW(0x80)
00043a f011      	BREQ _0x2020044
00043b 39e0      	CPI  R30,LOW(0x90)
00043c f529      	BRNE _0x2020045
                 _0x2020044:
00043d fe21      	SBRS R2,1
00043e c002      	RJMP _0x2020046
00043f e021      	LDI  R18,LOW(1)
000440 c095      	RJMP _0x2020047
                 _0x2020046:
000441 b1e3      	IN   R30,0x3
000442 01da      	MOVW R26,R20
000443 93ec      	ST   X,R30
000444 5f1f      	SUBI R17,-LOW(1)
000445 91e0 016e 	LDS  R30,_twi_rx_buffer_size_G101
000447 171e      	CP   R17,R30
000448 f4b0      	BRSH _0x2020048
000449 91e0 016f 	LDS  R30,_twi_slave_rx_handler_G101
00044b 91f0 0170 	LDS  R31,_twi_slave_rx_handler_G101+1
00044d 9730      	SBIW R30,0
00044e f411      	BRNE _0x2020049
00044f e026      	LDI  R18,LOW(6)
000450 c085      	RJMP _0x2020047
                 _0x2020049:
000451 e0a0      	LDI  R26,LOW(0)
                +
000452 91e0 016f+LDS R30 , _twi_slave_rx_handler_G101 + ( 0 )
000454 91f0 0170+LDS R31 , _twi_slave_rx_handler_G101 + ( 0 ) + 1
000456 9509     +ICALL
                 	__CALL1MN _twi_slave_rx_handler_G101,0
000457 30e0      	CPI  R30,0
000458 f029      	BREQ _0x202004A
000459 b7e6      	IN   R30,0x36
00045a 70ef      	ANDI R30,LOW(0xF)
00045b 6ce0      	ORI  R30,LOW(0xC0)
00045c bfe6      	OUT  0x36,R30
00045d c07e      	RJMP _0x2020016
                 _0x202004A:
00045e c002      	RJMP _0x202004B
                 _0x2020048:
00045f 9468      	SET
000460 f821      	BLD  R2,1
                 _0x202004B:
000461 c002      	RJMP _0x202004C
                 _0x2020045:
000462 38e8      	CPI  R30,LOW(0x88)
000463 f409      	BRNE _0x202004D
                 _0x202004C:
000464 c002      	RJMP _0x202004E
                 _0x202004D:
000465 39e8      	CPI  R30,LOW(0x98)
000466 f429      	BRNE _0x202004F
                 _0x202004E:
000467 b7e6      	IN   R30,0x36
000468 70ef      	ANDI R30,LOW(0xF)
000469 68e0      	ORI  R30,0x80
00046a bfe6      	OUT  0x36,R30
00046b c070      	RJMP _0x2020016
                 _0x202004F:
00046c 3ae0      	CPI  R30,LOW(0xA0)
00046d f4a9      	BRNE _0x2020050
00046e b7e6      	IN   R30,0x36
00046f 70ef      	ANDI R30,LOW(0xF)
000470 6ce0      	ORI  R30,LOW(0xC0)
000471 bfe6      	OUT  0x36,R30
000472 9468      	SET
000473 f822      	BLD  R2,2
000474 91e0 016f 	LDS  R30,_twi_slave_rx_handler_G101
000476 91f0 0170 	LDS  R31,_twi_slave_rx_handler_G101+1
000478 9730      	SBIW R30,0
000479 f039      	BREQ _0x2020051
00047a e0a1      	LDI  R26,LOW(1)
                +
00047b 91e0 016f+LDS R30 , _twi_slave_rx_handler_G101 + ( 0 )
00047d 91f0 0170+LDS R31 , _twi_slave_rx_handler_G101 + ( 0 ) + 1
00047f 9509     +ICALL
                 	__CALL1MN _twi_slave_rx_handler_G101,0
000480 c001      	RJMP _0x2020052
                 _0x2020051:
000481 e026      	LDI  R18,LOW(6)
                 _0x2020052:
000482 c059      	RJMP _0x2020016
                 _0x2020050:
000483 3be0      	CPI  R30,LOW(0xB0)
000484 f411      	BRNE _0x2020053
000485 e022      	LDI  R18,LOW(2)
000486 c002      	RJMP _0x2020054
                 _0x2020053:
000487 3ae8      	CPI  R30,LOW(0xA8)
000488 f4b9      	BRNE _0x2020055
                 _0x2020054:
000489 91e0 0171 	LDS  R30,_twi_slave_tx_handler_G101
00048b 91f0 0172 	LDS  R31,_twi_slave_tx_handler_G101+1
00048d 9730      	SBIW R30,0
00048e f059      	BREQ _0x2020056
00048f e0a0      	LDI  R26,LOW(0)
                +
000490 91e0 0171+LDS R30 , _twi_slave_tx_handler_G101 + ( 0 )
000492 91f0 0172+LDS R31 , _twi_slave_tx_handler_G101 + ( 0 ) + 1
000494 9509     +ICALL
                 	__CALL1MN _twi_slave_tx_handler_G101,0
000495 2f3e      	MOV  R19,R30
000496 30e0      	CPI  R30,0
000497 f011      	BREQ _0x2020058
000498 e020      	LDI  R18,LOW(0)
000499 c002      	RJMP _0x2020059
                 _0x2020056:
                 _0x2020058:
00049a e026      	LDI  R18,LOW(6)
00049b c03a      	RJMP _0x2020047
                 _0x2020059:
00049c e000      	LDI  R16,LOW(0)
00049d 94e8      	CLT
00049e f821      	BLD  R2,1
00049f c002      	RJMP _0x202005A
                 _0x2020055:
0004a0 3be8      	CPI  R30,LOW(0xB8)
0004a1 f4e1      	BRNE _0x202005B
                 _0x202005A:
0004a2 fe21      	SBRS R2,1
0004a3 c002      	RJMP _0x202005C
0004a4 e021      	LDI  R18,LOW(1)
0004a5 c030      	RJMP _0x2020047
                 _0x202005C:
0004a6 2fe0      	MOV  R30,R16
0004a7 5f0f      	SUBI R16,-1
0004a8 91a0 0168 	LDS  R26,_twi_tx_buffer_G101
0004aa 91b0 0169 	LDS  R27,_twi_tx_buffer_G101+1
0004ac e0f0      	LDI  R31,0
0004ad 0fae      	ADD  R26,R30
0004ae 1fbf      	ADC  R27,R31
0004af 91ec      	LD   R30,X
0004b0 b9e3      	OUT  0x3,R30
0004b1 1703      	CP   R16,R19
0004b2 f420      	BRSH _0x202005D
0004b3 b7e6      	IN   R30,0x36
0004b4 70ef      	ANDI R30,LOW(0xF)
0004b5 6ce0      	ORI  R30,LOW(0xC0)
0004b6 c005      	RJMP _0x202006C
                 _0x202005D:
0004b7 9468      	SET
0004b8 f821      	BLD  R2,1
0004b9 b7e6      	IN   R30,0x36
0004ba 70ef      	ANDI R30,LOW(0xF)
0004bb 68e0      	ORI  R30,0x80
                 _0x202006C:
0004bc bfe6      	OUT  0x36,R30
0004bd c01e      	RJMP _0x2020016
                 _0x202005B:
0004be 3ce0      	CPI  R30,LOW(0xC0)
0004bf f011      	BREQ _0x2020060
0004c0 3ce8      	CPI  R30,LOW(0xC8)
0004c1 f489      	BRNE _0x2020061
                 _0x2020060:
0004c2 b7e6      	IN   R30,0x36
0004c3 70ef      	ANDI R30,LOW(0xF)
0004c4 6ce0      	ORI  R30,LOW(0xC0)
0004c5 bfe6      	OUT  0x36,R30
0004c6 91e0 0171 	LDS  R30,_twi_slave_tx_handler_G101
0004c8 91f0 0172 	LDS  R31,_twi_slave_tx_handler_G101+1
0004ca 9730      	SBIW R30,0
0004cb f031      	BREQ _0x2020062
0004cc e0a1      	LDI  R26,LOW(1)
                +
0004cd 91e0 0171+LDS R30 , _twi_slave_tx_handler_G101 + ( 0 )
0004cf 91f0 0172+LDS R31 , _twi_slave_tx_handler_G101 + ( 0 ) + 1
0004d1 9509     +ICALL
                 	__CALL1MN _twi_slave_tx_handler_G101,0
                 _0x2020062:
0004d2 c007      	RJMP _0x2020035
                 _0x2020061:
0004d3 30e0      	CPI  R30,0
0004d4 f439      	BRNE _0x2020016
0004d5 e023      	LDI  R18,LOW(3)
                 _0x2020047:
                 _0x2020069:
0004d6 b7e6      	IN   R30,0x36
0004d7 70ef      	ANDI R30,LOW(0xF)
0004d8 6de0      	ORI  R30,LOW(0xD0)
                 _0x202006A:
0004d9 bfe6      	OUT  0x36,R30
                 _0x2020035:
0004da 9468      	SET
0004db f822      	BLD  R2,2
                 _0x2020016:
0004dc 9310 0161 	STS  _twi_rx_index,R17
0004de 9300 0160 	STS  _twi_tx_index,R16
0004e0 9320 0162 	STS  _twi_result,R18
0004e2 9330 016a 	STS  _bytes_to_tx_G101,R19
0004e4 940e 07da 	CALL __LOADLOCR6
0004e6 9626      	ADIW R28,6
0004e7 91e9      	LD   R30,Y+
0004e8 bfef      	OUT  SREG,R30
0004e9 91f9      	LD   R31,Y+
0004ea 91e9      	LD   R30,Y+
0004eb 91b9      	LD   R27,Y+
0004ec 91a9      	LD   R26,Y+
0004ed 9199      	LD   R25,Y+
0004ee 9189      	LD   R24,Y+
0004ef 9179      	LD   R23,Y+
0004f0 9169      	LD   R22,Y+
0004f1 90f9      	LD   R15,Y+
0004f2 9019      	LD   R1,Y+
0004f3 9009      	LD   R0,Y+
0004f4 9518      	RETI
                 ; .FEND
                 
                 	.CSEG
                 
                 	.DSEG
                 
                 	.CSEG
                 
                 	.CSEG
                 
                 	.CSEG
                 
                 	.DSEG
                 _twi_tx_index:
000160           	.BYTE 0x1
                 _twi_rx_index:
000161           	.BYTE 0x1
                 _twi_result:
000162           	.BYTE 0x1
                 _pulse_width:
000163           	.BYTE 0x4
                 _slave_address_G101:
000167           	.BYTE 0x1
                 _twi_tx_buffer_G101:
000168           	.BYTE 0x2
                 _bytes_to_tx_G101:
00016a           	.BYTE 0x1
                 _twi_rx_buffer_G101:
00016b           	.BYTE 0x2
                 _bytes_to_rx_G101:
00016d           	.BYTE 0x1
                 _twi_rx_buffer_size_G101:
00016e           	.BYTE 0x1
                 _twi_slave_rx_handler_G101:
00016f           	.BYTE 0x2
                 _twi_slave_tx_handler_G101:
000171           	.BYTE 0x2
                 __seed_G102:
000173           	.BYTE 0x4
                 
                 	.CSEG
                 ;OPTIMIZER ADDED SUBROUTINE, CALLED 2 TIMES, CODE SIZE REDUCTION:17 WORDS
                 SUBOPT_0x0:
0004f5 01d3      	MOVW R26,R6
0004f6 2788      	CLR  R24
0004f7 2799      	CLR  R25
0004f8 e0e8      	LDI  R30,LOW(8)
0004f9 940e 0722 	CALL __LSLD12
0004fb 01df      	MOVW R26,R30
0004fc 01cb      	MOVW R24,R22
0004fd b7e2      	IN   R30,0x32
0004fe 27ff      	CLR  R31
0004ff 2766      	CLR  R22
000500 2777      	CLR  R23
000501 940e 0709 	CALL __ORD12
000503 93e0 0163 	STS  _pulse_width,R30
000505 93f0 0164 	STS  _pulse_width+1,R31
000507 9360 0165 	STS  _pulse_width+2,R22
000509 9370 0166 	STS  _pulse_width+3,R23
00050b 9508      	RET
                 
                 ;OPTIMIZER ADDED SUBROUTINE, CALLED 2 TIMES, CODE SIZE REDUCTION:3 WORDS
                 SUBOPT_0x1:
00050c 91a0 0163 	LDS  R26,_pulse_width
00050e 91b0 0164 	LDS  R27,_pulse_width+1
000510 9180 0165 	LDS  R24,_pulse_width+2
000512 9190 0166 	LDS  R25,_pulse_width+3
000514 9508      	RET
                 
                 ;OPTIMIZER ADDED SUBROUTINE, CALLED 2 TIMES, CODE SIZE REDUCTION:1 WORDS
                 SUBOPT_0x2:
000515 93aa      	ST   -Y,R26
000516 940e 00e3 	CALL _I2C_Start
000518 e7a8      	LDI  R26,LOW(120)
000519 940c 00ef 	JMP  _I2C_Write
                 
                 ;OPTIMIZER ADDED SUBROUTINE, CALLED 3 TIMES, CODE SIZE REDUCTION:3 WORDS
                 SUBOPT_0x3:
00051b 940e 00f8 	CALL _OLED_Cmd
00051d e0a0      	LDI  R26,LOW(0)
00051e 940c 00f8 	JMP  _OLED_Cmd
                 
                 ;OPTIMIZER ADDED SUBROUTINE, CALLED 2 TIMES, CODE SIZE REDUCTION:7 WORDS
                 SUBOPT_0x4:
                +
000520 85e8     +LDD R30 , Y + 8
000521 85f9     +LDD R31 , Y + 8 + 1
000522 856a     +LDD R22 , Y + 8 + 2
000523 857b     +LDD R23 , Y + 8 + 3
                 	__GETD1S 8
000524 89aa      	LDD  R26,Y+18
000525 89bb      	LDD  R27,Y+18+1
000526 940e 0733 	CALL __CWD2
000528 940e 07c3 	CALL __CDF2
00052a 940e 0656 	CALL __MULF12
00052c 9508      	RET
                 
                 ;OPTIMIZER ADDED SUBROUTINE, CALLED 2 TIMES, CODE SIZE REDUCTION:1 WORDS
                 SUBOPT_0x5:
00052d 940e 0656 	CALL __MULF12
00052f 940e 0595 	CALL __CFD1
000531 2766      	CLR  R22
000532 2777      	CLR  R23
000533 9508      	RET
                 
                 ;OPTIMIZER ADDED SUBROUTINE, CALLED 2 TIMES, CODE SIZE REDUCTION:1 WORDS
                 SUBOPT_0x6:
000534 940e 07bc 	CALL __PUTPARD2
000536 940e 07b2 	CALL __GETD2S0
000538 9508      	RET
                 
                 ;OPTIMIZER ADDED SUBROUTINE, CALLED 8 TIMES, CODE SIZE REDUCTION:11 WORDS
                 SUBOPT_0x7:
                +
000539 81ad     +LDD R26 , Y + 5
00053a 81be     +LDD R27 , Y + 5 + 1
00053b 818f     +LDD R24 , Y + 5 + 2
00053c 8598     +LDD R25 , Y + 5 + 3
                 	__GETD2S 5
00053d 9508      	RET
                 
                 ;OPTIMIZER ADDED SUBROUTINE, CALLED 2 TIMES, CODE SIZE REDUCTION:1 WORDS
                 SUBOPT_0x8:
                +
00053e 83ed     +STD Y + 5 , R30
00053f 83fe     +STD Y + 5 + 1 , R31
000540 836f     +STD Y + 5 + 2 , R22
000541 8778     +STD Y + 5 + 3 , R23
                 	__PUTD1S 5
000542 cff6      	RJMP SUBOPT_0x7
                 
                 ;OPTIMIZER ADDED SUBROUTINE, CALLED 3 TIMES, CODE SIZE REDUCTION:1 WORDS
                 SUBOPT_0x9:
                +
000543 81ed     +LDD R30 , Y + 5
000544 81fe     +LDD R31 , Y + 5 + 1
000545 816f     +LDD R22 , Y + 5 + 2
000546 8578     +LDD R23 , Y + 5 + 3
                 	__GETD1S 5
000547 9508      	RET
                 
                 ;OPTIMIZER ADDED SUBROUTINE, CALLED 2 TIMES, CODE SIZE REDUCTION:1 WORDS
                 SUBOPT_0xA:
000548 940e 05ff 	CALL __SUBF12
                +
00054a 83ed     +STD Y + 5 , R30
00054b 83fe     +STD Y + 5 + 1 , R31
00054c 836f     +STD Y + 5 + 2 , R22
00054d 8778     +STD Y + 5 + 3 , R23
                 	__PUTD1S 5
00054e 9508      	RET
                 
                 ;OPTIMIZER ADDED SUBROUTINE, CALLED 2 TIMES, CODE SIZE REDUCTION:1 WORDS
                 SUBOPT_0xB:
                +
00054f 81a9     +LDD R26 , Y + 1
000550 81ba     +LDD R27 , Y + 1 + 1
000551 818b     +LDD R24 , Y + 1 + 2
000552 819c     +LDD R25 , Y + 1 + 3
                 	__GETD2S 1
000553 940e 0656 	CALL __MULF12
000555 9508      	RET
                 
                 
                 	.CSEG
                 _delay_ms:
000556 9610      	adiw r26,0
000557 f039      	breq __delay_ms1
                 __delay_ms0:
                +
000558 ed80     +LDI R24 , LOW ( 0x7D0 )
000559 e097     +LDI R25 , HIGH ( 0x7D0 )
                +__DELAY_USW_LOOP :
00055a 9701     +SBIW R24 , 1
00055b f7f1     +BRNE __DELAY_USW_LOOP
                 	__DELAY_USW 0x7D0
00055c 95a8      	wdr
00055d 9711      	sbiw r26,1
00055e f7c9      	brne __delay_ms0
                 __delay_ms1:
00055f 9508      	ret
                 
                 __ANEGF1:
000560 9730      	SBIW R30,0
000561 4060      	SBCI R22,0
000562 4070      	SBCI R23,0
000563 f009      	BREQ __ANEGF10
000564 5870      	SUBI R23,0x80
                 __ANEGF10:
000565 9508      	RET
                 
                 __ROUND_REPACK:
000566 2355      	TST  R21
000567 f442      	BRPL __REPACK
000568 3850      	CPI  R21,0x80
000569 f411      	BRNE __ROUND_REPACK0
00056a ffe0      	SBRS R30,0
00056b c004      	RJMP __REPACK
                 __ROUND_REPACK0:
00056c 9631      	ADIW R30,1
00056d 1f69      	ADC  R22,R25
00056e 1f79      	ADC  R23,R25
00056f f06b      	BRVS __REPACK1
                 
                 __REPACK:
000570 e850      	LDI  R21,0x80
000571 2757      	EOR  R21,R23
000572 f411      	BRNE __REPACK0
000573 935f      	PUSH R21
000574 c0cf      	RJMP __ZERORES
                 __REPACK0:
000575 3f5f      	CPI  R21,0xFF
000576 f031      	BREQ __REPACK1
000577 0f66      	LSL  R22
000578 0c00      	LSL  R0
000579 9557      	ROR  R21
00057a 9567      	ROR  R22
00057b 2f75      	MOV  R23,R21
00057c 9508      	RET
                 __REPACK1:
00057d 935f      	PUSH R21
00057e 2000      	TST  R0
00057f f00a      	BRMI __REPACK2
000580 c0cf      	RJMP __MAXRES
                 __REPACK2:
000581 c0c8      	RJMP __MINRES
                 
                 __UNPACK:
000582 e850      	LDI  R21,0x80
000583 2e19      	MOV  R1,R25
000584 2215      	AND  R1,R21
000585 0f88      	LSL  R24
000586 1f99      	ROL  R25
000587 2795      	EOR  R25,R21
000588 0f55      	LSL  R21
000589 9587      	ROR  R24
                 
                 __UNPACK1:
00058a e850      	LDI  R21,0x80
00058b 2e07      	MOV  R0,R23
00058c 2205      	AND  R0,R21
00058d 0f66      	LSL  R22
00058e 1f77      	ROL  R23
00058f 2775      	EOR  R23,R21
000590 0f55      	LSL  R21
000591 9567      	ROR  R22
000592 9508      	RET
                 
                 __CFD1U:
000593 9468      	SET
000594 c001      	RJMP __CFD1U0
                 __CFD1:
000595 94e8      	CLT
                 __CFD1U0:
000596 935f      	PUSH R21
000597 dff2      	RCALL __UNPACK1
000598 3870      	CPI  R23,0x80
000599 f018      	BRLO __CFD10
00059a 3f7f      	CPI  R23,0xFF
00059b f408      	BRCC __CFD10
00059c c0a7      	RJMP __ZERORES
                 __CFD10:
00059d e156      	LDI  R21,22
00059e 1b57      	SUB  R21,R23
00059f f4aa      	BRPL __CFD11
0005a0 9551      	NEG  R21
0005a1 3058      	CPI  R21,8
0005a2 f40e      	BRTC __CFD19
0005a3 3059      	CPI  R21,9
                 __CFD19:
0005a4 f030      	BRLO __CFD17
0005a5 efef      	SER  R30
0005a6 efff      	SER  R31
0005a7 ef6f      	SER  R22
0005a8 e77f      	LDI  R23,0x7F
0005a9 f977      	BLD  R23,7
0005aa c01a      	RJMP __CFD15
                 __CFD17:
0005ab 2777      	CLR  R23
0005ac 2355      	TST  R21
0005ad f0b9      	BREQ __CFD15
                 __CFD18:
0005ae 0fee      	LSL  R30
0005af 1fff      	ROL  R31
0005b0 1f66      	ROL  R22
0005b1 1f77      	ROL  R23
0005b2 955a      	DEC  R21
0005b3 f7d1      	BRNE __CFD18
0005b4 c010      	RJMP __CFD15
                 __CFD11:
0005b5 2777      	CLR  R23
                 __CFD12:
0005b6 3058      	CPI  R21,8
0005b7 f028      	BRLO __CFD13
0005b8 2fef      	MOV  R30,R31
0005b9 2ff6      	MOV  R31,R22
0005ba 2f67      	MOV  R22,R23
0005bb 5058      	SUBI R21,8
0005bc cff9      	RJMP __CFD12
                 __CFD13:
0005bd 2355      	TST  R21
0005be f031      	BREQ __CFD15
                 __CFD14:
0005bf 9576      	LSR  R23
0005c0 9567      	ROR  R22
0005c1 95f7      	ROR  R31
0005c2 95e7      	ROR  R30
0005c3 955a      	DEC  R21
0005c4 f7d1      	BRNE __CFD14
                 __CFD15:
0005c5 2000      	TST  R0
0005c6 f40a      	BRPL __CFD16
0005c7 d14a      	RCALL __ANEGD1
                 __CFD16:
0005c8 915f      	POP  R21
0005c9 9508      	RET
                 
                 __CDF1U:
0005ca 9468      	SET
0005cb c001      	RJMP __CDF1U0
                 __CDF1:
0005cc 94e8      	CLT
                 __CDF1U0:
0005cd 9730      	SBIW R30,0
0005ce 4060      	SBCI R22,0
0005cf 4070      	SBCI R23,0
0005d0 f0b1      	BREQ __CDF10
0005d1 2400      	CLR  R0
0005d2 f026      	BRTS __CDF11
0005d3 2377      	TST  R23
0005d4 f412      	BRPL __CDF11
0005d5 9400      	COM  R0
0005d6 d13b      	RCALL __ANEGD1
                 __CDF11:
0005d7 2e17      	MOV  R1,R23
0005d8 e17e      	LDI  R23,30
0005d9 2011      	TST  R1
                 __CDF12:
0005da f032      	BRMI __CDF13
0005db 957a      	DEC  R23
0005dc 0fee      	LSL  R30
0005dd 1fff      	ROL  R31
0005de 1f66      	ROL  R22
0005df 1c11      	ROL  R1
0005e0 cff9      	RJMP __CDF12
                 __CDF13:
0005e1 2fef      	MOV  R30,R31
0005e2 2ff6      	MOV  R31,R22
0005e3 2d61      	MOV  R22,R1
0005e4 935f      	PUSH R21
0005e5 df8a      	RCALL __REPACK
0005e6 915f      	POP  R21
                 __CDF10:
0005e7 9508      	RET
                 
                 __SWAPACC:
0005e8 934f      	PUSH R20
0005e9 01af      	MOVW R20,R30
0005ea 01fd      	MOVW R30,R26
0005eb 01da      	MOVW R26,R20
0005ec 01ab      	MOVW R20,R22
0005ed 01bc      	MOVW R22,R24
0005ee 01ca      	MOVW R24,R20
0005ef 2d40      	MOV  R20,R0
0005f0 2c01      	MOV  R0,R1
0005f1 2e14      	MOV  R1,R20
0005f2 914f      	POP  R20
0005f3 9508      	RET
                 
                 __UADD12:
0005f4 0fea      	ADD  R30,R26
0005f5 1ffb      	ADC  R31,R27
0005f6 1f68      	ADC  R22,R24
0005f7 9508      	RET
                 
                 __NEGMAN1:
0005f8 95e0      	COM  R30
0005f9 95f0      	COM  R31
0005fa 9560      	COM  R22
0005fb 5fef      	SUBI R30,-1
0005fc 4fff      	SBCI R31,-1
0005fd 4f6f      	SBCI R22,-1
0005fe 9508      	RET
                 
                 __SUBF12:
0005ff 935f      	PUSH R21
000600 df81      	RCALL __UNPACK
000601 3890      	CPI  R25,0x80
000602 f171      	BREQ __ADDF129
000603 e850      	LDI  R21,0x80
000604 2615      	EOR  R1,R21
                 
000605 c004      	RJMP __ADDF120
                 
                 __ADDF12:
000606 935f      	PUSH R21
000607 df7a      	RCALL __UNPACK
000608 3890      	CPI  R25,0x80
000609 f139      	BREQ __ADDF129
                 
                 __ADDF120:
00060a 3870      	CPI  R23,0x80
00060b f121      	BREQ __ADDF128
                 __ADDF121:
00060c 2f57      	MOV  R21,R23
00060d 1b59      	SUB  R21,R25
00060e f12b      	BRVS __ADDF1211
00060f f412      	BRPL __ADDF122
000610 dfd7      	RCALL __SWAPACC
000611 cffa      	RJMP __ADDF121
                 __ADDF122:
000612 3158      	CPI  R21,24
000613 f018      	BRLO __ADDF123
000614 27aa      	CLR  R26
000615 27bb      	CLR  R27
000616 2788      	CLR  R24
                 __ADDF123:
000617 3058      	CPI  R21,8
000618 f028      	BRLO __ADDF124
000619 2fab      	MOV  R26,R27
00061a 2fb8      	MOV  R27,R24
00061b 2788      	CLR  R24
00061c 5058      	SUBI R21,8
00061d cff9      	RJMP __ADDF123
                 __ADDF124:
00061e 2355      	TST  R21
00061f f029      	BREQ __ADDF126
                 __ADDF125:
000620 9586      	LSR  R24
000621 95b7      	ROR  R27
000622 95a7      	ROR  R26
000623 955a      	DEC  R21
000624 f7d9      	BRNE __ADDF125
                 __ADDF126:
000625 2d50      	MOV  R21,R0
000626 2551      	EOR  R21,R1
000627 f072      	BRMI __ADDF127
000628 dfcb      	RCALL __UADD12
000629 f438      	BRCC __ADDF129
00062a 9567      	ROR  R22
00062b 95f7      	ROR  R31
00062c 95e7      	ROR  R30
00062d 9573      	INC  R23
00062e f413      	BRVC __ADDF129
00062f c020      	RJMP __MAXRES
                 __ADDF128:
000630 dfb7      	RCALL __SWAPACC
                 __ADDF129:
000631 df3e      	RCALL __REPACK
000632 915f      	POP  R21
000633 9508      	RET
                 __ADDF1211:
000634 f7d8      	BRCC __ADDF128
000635 cffb      	RJMP __ADDF129
                 __ADDF127:
000636 1bea      	SUB  R30,R26
000637 0bfb      	SBC  R31,R27
000638 0b68      	SBC  R22,R24
000639 f051      	BREQ __ZERORES
00063a f410      	BRCC __ADDF1210
00063b 9400      	COM  R0
00063c dfbb      	RCALL __NEGMAN1
                 __ADDF1210:
00063d 2366      	TST  R22
00063e f392      	BRMI __ADDF129
00063f 0fee      	LSL  R30
000640 1fff      	ROL  R31
000641 1f66      	ROL  R22
000642 957a      	DEC  R23
000643 f7cb      	BRVC __ADDF1210
                 
                 __ZERORES:
000644 27ee      	CLR  R30
000645 27ff      	CLR  R31
000646 2766      	CLR  R22
000647 2777      	CLR  R23
000648 915f      	POP  R21
000649 9508      	RET
                 
                 __MINRES:
00064a efef      	SER  R30
00064b efff      	SER  R31
00064c e76f      	LDI  R22,0x7F
00064d ef7f      	SER  R23
00064e 915f      	POP  R21
00064f 9508      	RET
                 
                 __MAXRES:
000650 efef      	SER  R30
000651 efff      	SER  R31
000652 e76f      	LDI  R22,0x7F
000653 e77f      	LDI  R23,0x7F
000654 915f      	POP  R21
000655 9508      	RET
                 
                 __MULF12:
000656 935f      	PUSH R21
000657 df2a      	RCALL __UNPACK
000658 3870      	CPI  R23,0x80
000659 f351      	BREQ __ZERORES
00065a 3890      	CPI  R25,0x80
00065b f341      	BREQ __ZERORES
00065c 2401      	EOR  R0,R1
00065d 9408      	SEC
00065e 1f79      	ADC  R23,R25
00065f f423      	BRVC __MULF124
000660 f31c      	BRLT __ZERORES
                 __MULF125:
000661 2000      	TST  R0
000662 f33a      	BRMI __MINRES
000663 cfec      	RJMP __MAXRES
                 __MULF124:
000664 920f      	PUSH R0
000665 931f      	PUSH R17
000666 932f      	PUSH R18
000667 933f      	PUSH R19
000668 934f      	PUSH R20
000669 2711      	CLR  R17
00066a 2722      	CLR  R18
00066b 2799      	CLR  R25
00066c 9f68      	MUL  R22,R24
00066d 01a0      	MOVW R20,R0
00066e 9f8f      	MUL  R24,R31
00066f 2d30      	MOV  R19,R0
000670 0d41      	ADD  R20,R1
000671 1f59      	ADC  R21,R25
000672 9f6b      	MUL  R22,R27
000673 0d30      	ADD  R19,R0
000674 1d41      	ADC  R20,R1
000675 1f59      	ADC  R21,R25
000676 9f8e      	MUL  R24,R30
000677 d027      	RCALL __MULF126
000678 9fbf      	MUL  R27,R31
000679 d025      	RCALL __MULF126
00067a 9f6a      	MUL  R22,R26
00067b d023      	RCALL __MULF126
00067c 9fbe      	MUL  R27,R30
00067d d01d      	RCALL __MULF127
00067e 9faf      	MUL  R26,R31
00067f d01b      	RCALL __MULF127
000680 9fae      	MUL  R26,R30
000681 0d11      	ADD  R17,R1
000682 1f29      	ADC  R18,R25
000683 1f39      	ADC  R19,R25
000684 1f49      	ADC  R20,R25
000685 1f59      	ADC  R21,R25
000686 2fe3      	MOV  R30,R19
000687 2ff4      	MOV  R31,R20
000688 2f65      	MOV  R22,R21
000689 2f52      	MOV  R21,R18
00068a 914f      	POP  R20
00068b 913f      	POP  R19
00068c 912f      	POP  R18
00068d 911f      	POP  R17
00068e 900f      	POP  R0
00068f 2366      	TST  R22
000690 f02a      	BRMI __MULF122
000691 0f55      	LSL  R21
000692 1fee      	ROL  R30
000693 1fff      	ROL  R31
000694 1f66      	ROL  R22
000695 c002      	RJMP __MULF123
                 __MULF122:
000696 9573      	INC  R23
000697 f24b      	BRVS __MULF125
                 __MULF123:
000698 decd      	RCALL __ROUND_REPACK
000699 915f      	POP  R21
00069a 9508      	RET
                 
                 __MULF127:
00069b 0d10      	ADD  R17,R0
00069c 1d21      	ADC  R18,R1
00069d 1f39      	ADC  R19,R25
00069e c002      	RJMP __MULF128
                 __MULF126:
00069f 0d20      	ADD  R18,R0
0006a0 1d31      	ADC  R19,R1
                 __MULF128:
0006a1 1f49      	ADC  R20,R25
0006a2 1f59      	ADC  R21,R25
0006a3 9508      	RET
                 
                 __DIVF21:
0006a4 935f      	PUSH R21
0006a5 dedc      	RCALL __UNPACK
0006a6 3870      	CPI  R23,0x80
0006a7 f421      	BRNE __DIVF210
0006a8 2011      	TST  R1
                 __DIVF211:
0006a9 f40a      	BRPL __DIVF219
0006aa cf9f      	RJMP __MINRES
                 __DIVF219:
0006ab cfa4      	RJMP __MAXRES
                 __DIVF210:
0006ac 3890      	CPI  R25,0x80
0006ad f409      	BRNE __DIVF218
                 __DIVF217:
0006ae cf95      	RJMP __ZERORES
                 __DIVF218:
0006af 2401      	EOR  R0,R1
0006b0 9408      	SEC
0006b1 0b97      	SBC  R25,R23
0006b2 f41b      	BRVC __DIVF216
0006b3 f3d4      	BRLT __DIVF217
0006b4 2000      	TST  R0
0006b5 cff3      	RJMP __DIVF211
                 __DIVF216:
0006b6 2f79      	MOV  R23,R25
0006b7 931f      	PUSH R17
0006b8 932f      	PUSH R18
0006b9 933f      	PUSH R19
0006ba 934f      	PUSH R20
0006bb 2411      	CLR  R1
0006bc 2711      	CLR  R17
0006bd 2722      	CLR  R18
0006be 2733      	CLR  R19
0006bf 2744      	CLR  R20
0006c0 2755      	CLR  R21
0006c1 e290      	LDI  R25,32
                 __DIVF212:
0006c2 17ae      	CP   R26,R30
0006c3 07bf      	CPC  R27,R31
0006c4 0786      	CPC  R24,R22
0006c5 0741      	CPC  R20,R17
0006c6 f030      	BRLO __DIVF213
0006c7 1bae      	SUB  R26,R30
0006c8 0bbf      	SBC  R27,R31
0006c9 0b86      	SBC  R24,R22
0006ca 0b41      	SBC  R20,R17
0006cb 9408      	SEC
0006cc c001      	RJMP __DIVF214
                 __DIVF213:
0006cd 9488      	CLC
                 __DIVF214:
0006ce 1f55      	ROL  R21
0006cf 1f22      	ROL  R18
0006d0 1f33      	ROL  R19
0006d1 1c11      	ROL  R1
0006d2 1faa      	ROL  R26
0006d3 1fbb      	ROL  R27
0006d4 1f88      	ROL  R24
0006d5 1f44      	ROL  R20
0006d6 959a      	DEC  R25
0006d7 f751      	BRNE __DIVF212
0006d8 01f9      	MOVW R30,R18
0006d9 2d61      	MOV  R22,R1
0006da 914f      	POP  R20
0006db 913f      	POP  R19
0006dc 912f      	POP  R18
0006dd 911f      	POP  R17
0006de 2366      	TST  R22
0006df f032      	BRMI __DIVF215
0006e0 0f55      	LSL  R21
0006e1 1fee      	ROL  R30
0006e2 1fff      	ROL  R31
0006e3 1f66      	ROL  R22
0006e4 957a      	DEC  R23
0006e5 f243      	BRVS __DIVF217
                 __DIVF215:
0006e6 de7f      	RCALL __ROUND_REPACK
0006e7 915f      	POP  R21
0006e8 9508      	RET
                 
                 __CMPF12:
0006e9 2399      	TST  R25
0006ea f09a      	BRMI __CMPF120
0006eb 2377      	TST  R23
0006ec f042      	BRMI __CMPF121
0006ed 1797      	CP   R25,R23
0006ee f048      	BRLO __CMPF122
0006ef f429      	BRNE __CMPF121
0006f0 17ae      	CP   R26,R30
0006f1 07bf      	CPC  R27,R31
0006f2 0786      	CPC  R24,R22
0006f3 f020      	BRLO __CMPF122
0006f4 f031      	BREQ __CMPF123
                 __CMPF121:
0006f5 9498      	CLZ
0006f6 9488      	CLC
0006f7 9508      	RET
                 __CMPF122:
0006f8 9498      	CLZ
0006f9 9408      	SEC
0006fa 9508      	RET
                 __CMPF123:
0006fb 9418      	SEZ
0006fc 9488      	CLC
0006fd 9508      	RET
                 __CMPF120:
0006fe 2377      	TST  R23
0006ff f7c2      	BRPL __CMPF122
000700 1797      	CP   R25,R23
000701 f398      	BRLO __CMPF121
000702 f7a9      	BRNE __CMPF122
000703 17ea      	CP   R30,R26
000704 07fb      	CPC  R31,R27
000705 0768      	CPC  R22,R24
000706 f388      	BRLO __CMPF122
000707 f399      	BREQ __CMPF123
000708 cfec      	RJMP __CMPF121
                 
                 __ORD12:
000709 2bea      	OR   R30,R26
00070a 2bfb      	OR   R31,R27
00070b 2b68      	OR   R22,R24
00070c 2b79      	OR   R23,R25
00070d 9508      	RET
                 
                 __ANEGW1:
00070e 95f1      	NEG  R31
00070f 95e1      	NEG  R30
000710 40f0      	SBCI R31,0
000711 9508      	RET
                 
                 __ANEGD1:
000712 95f0      	COM  R31
000713 9560      	COM  R22
000714 9570      	COM  R23
000715 95e1      	NEG  R30
000716 4fff      	SBCI R31,-1
000717 4f6f      	SBCI R22,-1
000718 4f7f      	SBCI R23,-1
000719 9508      	RET
                 
                 __LSLB12:
00071a 23ee      	TST  R30
00071b 2e0e      	MOV  R0,R30
00071c 2fea      	MOV  R30,R26
00071d f019      	BREQ __LSLB12R
                 __LSLB12L:
00071e 0fee      	LSL  R30
00071f 940a      	DEC  R0
000720 f7e9      	BRNE __LSLB12L
                 __LSLB12R:
000721 9508      	RET
                 
                 __LSLD12:
000722 23ee      	TST  R30
000723 2e0e      	MOV  R0,R30
000724 01fd      	MOVW R30,R26
000725 01bc      	MOVW R22,R24
000726 f031      	BREQ __LSLD12R
                 __LSLD12L:
000727 0fee      	LSL  R30
000728 1fff      	ROL  R31
000729 1f66      	ROL  R22
00072a 1f77      	ROL  R23
00072b 940a      	DEC  R0
00072c f7d1      	BRNE __LSLD12L
                 __LSLD12R:
00072d 9508      	RET
                 
                 __CWD1:
00072e 2f6f      	MOV  R22,R31
00072f 0f66      	ADD  R22,R22
000730 0b66      	SBC  R22,R22
000731 2f76      	MOV  R23,R22
000732 9508      	RET
                 
                 __CWD2:
000733 2f8b      	MOV  R24,R27
000734 0f88      	ADD  R24,R24
000735 0b88      	SBC  R24,R24
000736 2f98      	MOV  R25,R24
000737 9508      	RET
                 
                 __MULD12U:
000738 9f7a      	MUL  R23,R26
000739 2d70      	MOV  R23,R0
00073a 9f6b      	MUL  R22,R27
00073b 0d70      	ADD  R23,R0
00073c 9ff8      	MUL  R31,R24
00073d 0d70      	ADD  R23,R0
00073e 9fe9      	MUL  R30,R25
00073f 0d70      	ADD  R23,R0
000740 9f6a      	MUL  R22,R26
000741 2d60      	MOV  R22,R0
000742 0d71      	ADD  R23,R1
000743 9ffb      	MUL  R31,R27
000744 0d60      	ADD  R22,R0
000745 1d71      	ADC  R23,R1
000746 9fe8      	MUL  R30,R24
000747 0d60      	ADD  R22,R0
000748 1d71      	ADC  R23,R1
000749 2788      	CLR  R24
00074a 9ffa      	MUL  R31,R26
00074b 2df0      	MOV  R31,R0
00074c 0d61      	ADD  R22,R1
00074d 1f78      	ADC  R23,R24
00074e 9feb      	MUL  R30,R27
00074f 0df0      	ADD  R31,R0
000750 1d61      	ADC  R22,R1
000751 1f78      	ADC  R23,R24
000752 9fea      	MUL  R30,R26
000753 2de0      	MOV  R30,R0
000754 0df1      	ADD  R31,R1
000755 1f68      	ADC  R22,R24
000756 1f78      	ADC  R23,R24
000757 9508      	RET
                 
                 __DIVW21U:
000758 2400      	CLR  R0
000759 2411      	CLR  R1
00075a e190      	LDI  R25,16
                 __DIVW21U1:
00075b 0faa      	LSL  R26
00075c 1fbb      	ROL  R27
00075d 1c00      	ROL  R0
00075e 1c11      	ROL  R1
00075f 1a0e      	SUB  R0,R30
000760 0a1f      	SBC  R1,R31
000761 f418      	BRCC __DIVW21U2
000762 0e0e      	ADD  R0,R30
000763 1e1f      	ADC  R1,R31
000764 c001      	RJMP __DIVW21U3
                 __DIVW21U2:
000765 60a1      	SBR  R26,1
                 __DIVW21U3:
000766 959a      	DEC  R25
000767 f799      	BRNE __DIVW21U1
000768 01fd      	MOVW R30,R26
000769 01d0      	MOVW R26,R0
00076a 9508      	RET
                 
                 __DIVW21:
00076b d033      	RCALL __CHKSIGNW
00076c dfeb      	RCALL __DIVW21U
00076d f40e      	BRTC __DIVW211
00076e df9f      	RCALL __ANEGW1
                 __DIVW211:
00076f 9508      	RET
                 
                 __DIVD21U:
000770 933f      	PUSH R19
000771 934f      	PUSH R20
000772 935f      	PUSH R21
000773 2400      	CLR  R0
000774 2411      	CLR  R1
000775 2744      	CLR  R20
000776 2755      	CLR  R21
000777 e230      	LDI  R19,32
                 __DIVD21U1:
000778 0faa      	LSL  R26
000779 1fbb      	ROL  R27
00077a 1f88      	ROL  R24
00077b 1f99      	ROL  R25
00077c 1c00      	ROL  R0
00077d 1c11      	ROL  R1
00077e 1f44      	ROL  R20
00077f 1f55      	ROL  R21
000780 1a0e      	SUB  R0,R30
000781 0a1f      	SBC  R1,R31
000782 0b46      	SBC  R20,R22
000783 0b57      	SBC  R21,R23
000784 f428      	BRCC __DIVD21U2
000785 0e0e      	ADD  R0,R30
000786 1e1f      	ADC  R1,R31
000787 1f46      	ADC  R20,R22
000788 1f57      	ADC  R21,R23
000789 c001      	RJMP __DIVD21U3
                 __DIVD21U2:
00078a 60a1      	SBR  R26,1
                 __DIVD21U3:
00078b 953a      	DEC  R19
00078c f759      	BRNE __DIVD21U1
00078d 01fd      	MOVW R30,R26
00078e 01bc      	MOVW R22,R24
00078f 01d0      	MOVW R26,R0
000790 01ca      	MOVW R24,R20
000791 915f      	POP  R21
000792 914f      	POP  R20
000793 913f      	POP  R19
000794 9508      	RET
                 
                 __MANDW12:
000795 94e8      	CLT
000796 fff7      	SBRS R31,7
000797 c002      	RJMP __MANDW121
000798 df75      	RCALL __ANEGW1
000799 9468      	SET
                 __MANDW121:
00079a 23ea      	AND  R30,R26
00079b 23fb      	AND  R31,R27
00079c f40e      	BRTC __MANDW122
00079d df70      	RCALL __ANEGW1
                 __MANDW122:
00079e 9508      	RET
                 
                 __CHKSIGNW:
00079f 94e8      	CLT
0007a0 fff7      	SBRS R31,7
0007a1 c002      	RJMP __CHKSW1
0007a2 df6b      	RCALL __ANEGW1
0007a3 9468      	SET
                 __CHKSW1:
0007a4 ffb7      	SBRS R27,7
0007a5 c006      	RJMP __CHKSW2
0007a6 95a0      	COM  R26
0007a7 95b0      	COM  R27
0007a8 9611      	ADIW R26,1
0007a9 f800      	BLD  R0,0
0007aa 9403      	INC  R0
0007ab fa00      	BST  R0,0
                 __CHKSW2:
0007ac 9508      	RET
                 
                 __GETD1S0:
0007ad 81e8      	LD   R30,Y
0007ae 81f9      	LDD  R31,Y+1
0007af 816a      	LDD  R22,Y+2
0007b0 817b      	LDD  R23,Y+3
0007b1 9508      	RET
                 
                 __GETD2S0:
0007b2 81a8      	LD   R26,Y
0007b3 81b9      	LDD  R27,Y+1
0007b4 818a      	LDD  R24,Y+2
0007b5 819b      	LDD  R25,Y+3
0007b6 9508      	RET
                 
                 __PUTD1S0:
0007b7 83e8      	ST   Y,R30
0007b8 83f9      	STD  Y+1,R31
0007b9 836a      	STD  Y+2,R22
0007ba 837b      	STD  Y+3,R23
0007bb 9508      	RET
                 
                 __PUTPARD2:
0007bc 939a      	ST   -Y,R25
0007bd 938a      	ST   -Y,R24
0007be 93ba      	ST   -Y,R27
0007bf 93aa      	ST   -Y,R26
0007c0 9508      	RET
                 
                 __CDF2U:
0007c1 9468      	SET
0007c2 c001      	RJMP __CDF2U0
                 __CDF2:
0007c3 94e8      	CLT
                 __CDF2U0:
0007c4 d001      	RCALL __SWAPD12
0007c5 de07      	RCALL __CDF1U0
                 
                 __SWAPD12:
0007c6 2e18      	MOV  R1,R24
0007c7 2f86      	MOV  R24,R22
0007c8 2d61      	MOV  R22,R1
0007c9 2e19      	MOV  R1,R25
0007ca 2f97      	MOV  R25,R23
0007cb 2d71      	MOV  R23,R1
                 
                 __SWAPW12:
0007cc 2e1b      	MOV  R1,R27
0007cd 2fbf      	MOV  R27,R31
0007ce 2df1      	MOV  R31,R1
                 
                 __SWAPB12:
0007cf 2e1a      	MOV  R1,R26
0007d0 2fae      	MOV  R26,R30
0007d1 2de1      	MOV  R30,R1
0007d2 9508      	RET
                 
                 __SAVELOCR6:
0007d3 935a      	ST   -Y,R21
                 __SAVELOCR5:
0007d4 934a      	ST   -Y,R20
                 __SAVELOCR4:
0007d5 933a      	ST   -Y,R19
                 __SAVELOCR3:
0007d6 932a      	ST   -Y,R18
                 __SAVELOCR2:
0007d7 931a      	ST   -Y,R17
0007d8 930a      	ST   -Y,R16
0007d9 9508      	RET
                 
                 __LOADLOCR6:
0007da 815d      	LDD  R21,Y+5
                 __LOADLOCR5:
0007db 814c      	LDD  R20,Y+4
                 __LOADLOCR4:
0007dc 813b      	LDD  R19,Y+3
                 __LOADLOCR3:
0007dd 812a      	LDD  R18,Y+2
                 __LOADLOCR2:
0007de 8119      	LDD  R17,Y+1
0007df 8108      	LD   R16,Y
0007e0 9508      	RET
                 
                 ;END OF CODE MARKER
                 __END_OF_CODE:


RESOURCE USE INFORMATION
------------------------

Notice:
The register and instruction counts are symbol table hit counts,
and hence implicitly used resources are not counted, eg, the
'lpm' instruction without operands implicitly uses r0 and z,
none of which are counted.

x,y,z are separate entities in the symbol table and are
counted separately from r26..r31 here.

.dseg memory usage only counts static data declared with .byte

ATmega16 register use summary:
r0 :  61 r1 :  46 r2 :  14 r3 :   0 r4 :   0 r5 :   4 r6 :   5 r7 :   2 
r8 :   0 r9 :   0 r10:   0 r11:   0 r12:   0 r13:   0 r14:   0 r15:   2 
r16:  23 r17:  41 r18:  40 r19:  33 r20:  40 r21:  76 r22: 109 r23: 101 
r24:  86 r25:  71 r26: 153 r27:  76 r28:  10 r29:   1 r30: 414 r31: 117 
x  :   8 y  : 182 z  :   7 
Registers used: 26 out of 35 (74.3%)

ATmega16 instruction use summary:
.lds  :   0 .lds.l:   0 .sts  :   0 .sts.l:   0 adc   :  31 add   :  22 
adiw  :  11 and   :   7 andi  :  21 asr   :   0 bclr  :   0 bld   :  13 
brbc  :   0 brbs  :   0 brcc  :   9 brcs  :   1 break :   0 breq  :  34 
brge  :   0 brhc  :   0 brhs  :   0 brid  :   0 brie  :   0 brlo  :  15 
brlt  :   2 brmi  :   9 brne  :  52 brpl  :   7 brsh  :  10 brtc  :   4 
brts  :   1 brvc  :   4 brvs  :   4 bset  :   0 bst   :   3 call  :  93 
cbi   :   2 cbr   :   1 clc   :   3 clh   :   0 cli   :   1 cln   :   0 
clr   :  49 cls   :   0 clt   :  10 clv   :   0 clz   :   2 com   :  10 
cp    :  15 cpc   :  16 cpi   :  55 cpse  :   0 dec   :  15 des   :   0 
eor   :   7 fmul  :   0 fmuls :   0 fmulsu:   0 icall :   4 ijmp  :   0 
in    :  28 inc   :   3 jmp   :  26 ld    :  40 ldd   :  61 ldi   : 240 
lds   :  37 lpm   :   7 lsl   :  16 lsr   :   3 mov   :  63 movw  :  41 
mul   :  19 muls  :   0 mulsu :   0 neg   :   4 nop   :   0 or    :   6 
ori   :  18 out   :  80 pop   :  33 push  :  33 rcall :  73 ret   :  62 
reti  :   3 rjmp  :  88 rol   :  37 ror   :  15 sbc   :  13 sbci  :  15 
sbi   :   4 sbic  :   0 sbis  :   0 sbiw  :  13 sbr   :   4 sbrc  :   2 
sbrs  :   8 sec   :   5 seh   :   0 sei   :   1 sen   :   0 ser   :   8 
ses   :   0 set   :  11 sev   :   0 sez   :   1 sleep :   0 spm   :   0 
st    :  57 std   :  32 sts   :  18 sub   :   7 subi  :  20 swap  :   1 
tst   :  20 wdr   :   1 
Instructions used: 80 out of 116 (69.0%)

ATmega16 memory use summary [bytes]:
Segment   Begin    End      Code   Data   Used    Size   Use%
---------------------------------------------------------------
[.cseg] 0x000000 0x000fc2   3988     46   4034   16384  24.6%
[.dseg] 0x000060 0x000177      0     23     23    1024   2.2%
[.eseg] 0x000000 0x000000      0      0      0     512   0.0%

Assembly complete, 0 errors, 7 warnings
